uka_id,site_id,name,region,environment_type,latitude,longitude,detail_url,target_pollutants,configured_streams
UKA01118,ASHC,Ashington Centre,North East,Urban Background,55.182956,-1.567043,https://uk-air.defra.gov.uk/networks/site-info?uka_id=UKA01118,"PM2.5,PM10","[{""pollutant"": ""PM2.5"", ""start_date"": ""2025-12-22""}, {""pollutant"": ""PM10"", ""start_date"": ""2025-12-22""}]"
UKA01155,DARF,Darlington Firthmoor,North East,Urban Background,54.516956,-1.534526,https://uk-air.defra.gov.uk/networks/site-info?uka_id=UKA01155,"PM2.5,PM10","[{""pollutant"": ""PM2.5"", ""start_date"": ""2026-04-01""}, {""pollutant"": ""PM10"", ""start_date"": ""2026-04-01""}]"
UKA00645,HSAW,Hartlepool St Abbs Walk,North East,Urban Background,54.683242,-1.203838,https://uk-air.defra.gov.uk/networks/site-info?uka_id=UKA00645,"PM2.5,PM10,NO2","[{""pollutant"": ""PM2.5"", ""start_date"": ""2022-05-12""}, {""pollutant"": ""PM10"", ""start_date"": ""2022-05-11""}, {""pollutant"": ""NO2"", ""start_date"": ""2017-10-17""}]"
UKA01085,KIEW,Kielder Water,North East,Rural Background,55.18158,-2.45317,https://uk-air.defra.gov.uk/networks/site-info?uka_id=UKA01085,,[]
UKA00220,MID,Middlesbrough,North East,Urban Background,54.569297,-1.220874,https://uk-air.defra.gov.uk/networks/site-info?uka_id=UKA00220,"PM2.5,PM10,NO2","[{""pollutant"": ""PM2.5"", ""start_date"": ""2008-11-13""}, {""pollutant"": ""PM10"", ""start_date"": ""1995-04-21""}, {""pollutant"": ""NO2"", ""start_date"": ""1995-04-21""}]"
UKA00213,NEWC,Newcastle Centre,North East,Urban Background,54.97825,-1.610528,https://uk-air.defra.gov.uk/networks/site-info?uka_id=UKA00213,"PM2.5,PM10,NO2","[{""pollutant"": ""PM2.5"", ""start_date"": ""2008-08-24""}, {""pollutant"": ""PM10"", ""start_date"": ""1992-03-08""}, {""pollutant"": ""NO2"", ""start_date"": ""1992-03-08""}]"
UKA00528,NCA3,Newcastle Cradlewell Roadside,North East,Urban Traffic,54.986405,-1.595362,https://uk-air.defra.gov.uk/networks/site-info?uka_id=UKA00528,"PM2.5,PM10,NO2","[{""pollutant"": ""PM2.5"", ""start_date"": ""2024-12-10""}, {""pollutant"": ""PM10"", ""start_date"": ""2018-02-13""}, {""pollutant"": ""NO2"", ""start_date"": ""2008-03-10""}]"
UKA01159,NOSC,North Shields Chirton,North East,Urban Background,55.010756,-1.475944,https://uk-air.defra.gov.uk/networks/site-info?uka_id=UKA01159,"PM2.5,PM10","[{""pollutant"": ""PM2.5"", ""start_date"": ""2026-05-20""}, {""pollutant"": ""PM10"", ""start_date"": ""2026-05-20""}]"
UKA01154,REMW,Redcar Milford Walk,North East,Urban Background,54.600476,-1.077845,https://uk-air.defra.gov.uk/networks/site-info?uka_id=UKA01154,"PM2.5,PM10","[{""pollutant"": ""PM2.5"", ""start_date"": ""2026-02-04""}, {""pollutant"": ""PM10"", ""start_date"": ""2026-02-04""}]"
UKA00599,SOTR,Stockton-on-Tees A1305 Roadside,North East,Urban Traffic,54.565819,-1.3159,https://uk-air.defra.gov.uk/networks/site-info?uka_id=UKA00599,"PM2.5,NO2","[{""pollutant"": ""PM2.5"", ""start_date"": ""2016-02-26""}, {""pollutant"": ""NO2"", ""start_date"": ""2015-05-01""}]"
UKA00535,EAGL,Stockton-on-Tees Eaglescliffe,North East,Urban Traffic,54.516667,-1.358547,https://uk-air.defra.gov.uk/networks/site-info?uka_id=UKA00535,"PM2.5,PM10,NO2","[{""pollutant"": ""PM2.5"", ""start_date"": ""2008-09-01""}, {""pollutant"": ""PM10"", ""start_date"": ""2008-09-01""}, {""pollutant"": ""NO2"", ""start_date"": ""2009-01-21""}]"
UKA00484,SUN2,Sunderland Silksworth,North East,Urban Background,54.88361,-1.406878,https://uk-air.defra.gov.uk/networks/site-info?uka_id=UKA00484,"PM2.5,PM10,NO2","[{""pollutant"": ""PM2.5"", ""start_date"": ""2008-12-09""}, {""pollutant"": ""PM10"", ""start_date"": ""2019-09-27""}, {""pollutant"": ""NO2"", ""start_date"": ""2004-12-09""}]"
UKA00601,SUNR,Sunderland Wessington Way,North East,Urban Traffic,54.91839,-1.408391,https://uk-air.defra.gov.uk/networks/site-info?uka_id=UKA00601,"PM2.5,NO2","[{""pollutant"": ""PM2.5"", ""start_date"": ""2024-11-19""}, {""pollutant"": ""NO2"", ""start_date"": ""2015-01-15""}]"
UKA00625,BBRD,Birkenhead Borough Road,North West,Urban Traffic,53.388624,-3.024942,https://uk-air.defra.gov.uk/networks/site-info?uka_id=UKA00625,"PM2.5,NO2","[{""pollutant"": ""PM2.5"", ""start_date"": ""2024-12-04""}, {""pollutant"": ""NO2"", ""start_date"": ""2016-08-18""}]"
UKA00590,BLAR,Blackburn Accrington Road,North West,Urban Traffic,53.747763,-2.45268,https://uk-air.defra.gov.uk/networks/site-info?uka_id=UKA00590,NO2,"[{""pollutant"": ""NO2"", ""start_date"": ""2014-05-12""}]"
UKA01025,BLAP,Blackburn Audley Park,North West,Urban Background,53.74673,-2.467873,https://uk-air.defra.gov.uk/networks/site-info?uka_id=UKA01025,"PM2.5,PM10","[{""pollutant"": ""PM2.5"", ""start_date"": ""2023-09-01""}, {""pollutant"": ""PM10"", ""start_date"": ""2023-09-01""}]"
UKA00488,BLC2,Blackpool Marton,North West,Urban Background,53.80489,-3.007175,https://uk-air.defra.gov.uk/networks/site-info?uka_id=UKA00488,"PM2.5,PM10,NO2","[{""pollutant"": ""PM2.5"", ""start_date"": ""2009-01-28""}, {""pollutant"": ""PM10"", ""start_date"": ""2005-06-14""}, {""pollutant"": ""NO2"", ""start_date"": ""2005-06-14""}]"
UKA01049,BLWD,Blackpool Whitegate Drive,North West,Urban Traffic,53.810975,-3.033232,https://uk-air.defra.gov.uk/networks/site-info?uka_id=UKA01049,PM2.5,"[{""pollutant"": ""PM2.5"", ""start_date"": ""2024-11-07""}]"
UKA00598,BURW,Bury Whitefield Roadside,North West,Urban Traffic,53.559029,-2.293772,https://uk-air.defra.gov.uk/networks/site-info?uka_id=UKA00598,"PM10,NO2","[{""pollutant"": ""PM10"", ""start_date"": ""2015-03-01""}, {""pollutant"": ""NO2"", ""start_date"": ""2015-04-01""}]"
UKA00932,CARM,Carlisle Morton A595,North West,Urban Traffic,54.885823,-2.964955,https://uk-air.defra.gov.uk/networks/site-info?uka_id=UKA00932,"PM2.5,PM10,NO2","[{""pollutant"": ""PM2.5"", ""start_date"": ""2021-10-01""}, {""pollutant"": ""PM10"", ""start_date"": ""2021-10-01""}, {""pollutant"": ""NO2"", ""start_date"": ""2021-10-01""}]"
UKA00659,COPP,Crewe Coppenhall,North West,Urban Background,53.115941,-2.453492,https://uk-air.defra.gov.uk/networks/site-info?uka_id=UKA00659,"PM2.5,PM10,NO2","[{""pollutant"": ""PM2.5"", ""start_date"": ""2022-07-06""}, {""pollutant"": ""PM10"", ""start_date"": ""2022-07-06""}, {""pollutant"": ""NO2"", ""start_date"": ""2019-10-15""}]"
UKA00170,GLAZ,Glazebury,North West,Rural Background,53.46008,-2.472056,https://uk-air.defra.gov.uk/networks/site-info?uka_id=UKA00170,,[]
UKA00247,LVP,Liverpool Speke,North West,Urban Industrial,53.34633,-2.844333,https://uk-air.defra.gov.uk/networks/site-info?uka_id=UKA00247,"PM2.5,PM10,NO2","[{""pollutant"": ""PM2.5"", ""start_date"": ""2008-09-17""}, {""pollutant"": ""PM10"", ""start_date"": ""2003-05-21""}, {""pollutant"": ""NO2"", ""start_date"": ""2003-05-21""}]"
UKA01095,LVPT,Liverpool Thirlmere Park,North West,Urban Background,53.424225,-2.960989,https://uk-air.defra.gov.uk/networks/site-info?uka_id=UKA01095,"PM2.5,PM10","[{""pollutant"": ""PM2.5"", ""start_date"": ""2025-01-28""}, {""pollutant"": ""PM10"", ""start_date"": ""2025-01-28""}]"
UKA00248,MAN3,Manchester Piccadilly,North West,Urban Background,53.48152,-2.237881,https://uk-air.defra.gov.uk/networks/site-info?uka_id=UKA00248,"PM2.5,PM10,NO2","[{""pollutant"": ""PM2.5"", ""start_date"": ""2009-01-15""}, {""pollutant"": ""PM10"", ""start_date"": ""1995-12-18""}, {""pollutant"": ""NO2"", ""start_date"": ""1995-12-18""}]"
UKA00617,MAHG,Manchester Sharston,North West,Suburban Industrial,53.371722,-2.238917,https://uk-air.defra.gov.uk/networks/site-info?uka_id=UKA00617,"PM2.5,PM10,NO2","[{""pollutant"": ""PM2.5"", ""start_date"": ""2024-08-23""}, {""pollutant"": ""PM10"", ""start_date"": ""2024-08-23""}, {""pollutant"": ""NO2"", ""start_date"": ""2016-01-27""}]"
UKA01051,MIMW,Middlewich St Michael's Way,North West,Urban Traffic,53.194019,-2.447951,https://uk-air.defra.gov.uk/networks/site-info?uka_id=UKA01051,PM2.5,"[{""pollutant"": ""PM2.5"", ""start_date"": ""2024-11-13""}]"
UKA00408,PRES,Preston,North West,Urban Background,53.76559,-2.680353,https://uk-air.defra.gov.uk/networks/site-info?uka_id=UKA00408,"PM2.5,PM10,NO2","[{""pollutant"": ""PM2.5"", ""start_date"": ""2009-01-27""}, {""pollutant"": ""PM10"", ""start_date"": ""2000-06-06""}, {""pollutant"": ""NO2"", ""start_date"": ""2000-06-06""}]"
UKA01174,ROCB,Rochdale Belfield,North West,Urban Background,53.621603,-2.146989,https://uk-air.defra.gov.uk/networks/site-info?uka_id=UKA01174,"PM2.5,PM10","[{""pollutant"": ""PM2.5"", ""start_date"": ""2026-07-06""}, {""pollutant"": ""PM10"", ""start_date"": ""2026-07-06""}]"
UKA00339,ECCL,Salford Eccles,North West,Urban Background,53.48481,-2.334139,https://uk-air.defra.gov.uk/networks/site-info?uka_id=UKA00339,"PM2.5,PM10,NO2","[{""pollutant"": ""PM2.5"", ""start_date"": ""2008-11-26""}, {""pollutant"": ""PM10"", ""start_date"": ""1997-03-20""}, {""pollutant"": ""NO2"", ""start_date"": ""1997-03-20""}]"
UKA00579,CW,Shaw Crompton Way,North West,Urban Traffic,53.579227,-2.093844,https://uk-air.defra.gov.uk/networks/site-info?uka_id=UKA00579,NO2,"[{""pollutant"": ""NO2"", ""start_date"": ""2014-04-01""}]"
UKA00627,SHLW,St Helens Linkway,North West,Urban Traffic,53.451826,-2.742134,https://uk-air.defra.gov.uk/networks/site-info?uka_id=UKA00627,"PM10,NO2","[{""pollutant"": ""PM10"", ""start_date"": ""2017-02-07""}, {""pollutant"": ""NO2"", ""start_date"": ""2016-09-27""}]"
UKA01099,TAMM,Tameside A635 Manchester Road,North West,Urban Traffic,53.482437,-2.113912,https://uk-air.defra.gov.uk/networks/site-info?uka_id=UKA01099,PM2.5,"[{""pollutant"": ""PM2.5"", ""start_date"": ""2025-04-01""}]"
UKA00538,WAR,Warrington,North West,Urban Background,53.389225,-2.615593,https://uk-air.defra.gov.uk/networks/site-info?uka_id=UKA00538,"PM2.5,PM10,NO2","[{""pollutant"": ""PM2.5"", ""start_date"": ""2008-11-27""}, {""pollutant"": ""PM10"", ""start_date"": ""2008-11-01""}, {""pollutant"": ""NO2"", ""start_date"": ""2008-10-21""}]"
UKA00603,WSMR,Widnes Milton Road,North West,Urban Traffic,53.365391,-2.73168,https://uk-air.defra.gov.uk/networks/site-info?uka_id=UKA00603,NO2,"[{""pollutant"": ""NO2"", ""start_date"": ""2015-03-09""}]"
UKA00482,WIG5,Wigan Centre,North West,Urban Background,53.54914,-2.638139,https://uk-air.defra.gov.uk/networks/site-info?uka_id=UKA00482,"PM2.5,PM10,NO2","[{""pollutant"": ""PM2.5"", ""start_date"": ""2008-11-27""}, {""pollutant"": ""PM10"", ""start_date"": ""2004-10-08""}, {""pollutant"": ""NO2"", ""start_date"": ""2004-10-08""}]"
UKA00406,TRAN,Wirral Tranmere,North West,Urban Background,53.37287,-3.022722,https://uk-air.defra.gov.uk/networks/site-info?uka_id=UKA00406,"PM2.5,PM10,NO2","[{""pollutant"": ""PM2.5"", ""start_date"": ""2009-01-28""}, {""pollutant"": ""PM10"", ""start_date"": ""2000-05-14""}, {""pollutant"": ""NO2"", ""start_date"": ""2000-05-14""}]"
UKA00353,BAR3,Barnsley Gawber,Yorkshire and the Humber,Urban Background,53.56292,-1.510436,https://uk-air.defra.gov.uk/networks/site-info?uka_id=UKA00353,"PM2.5,PM10,NO2","[{""pollutant"": ""PM2.5"", ""start_date"": ""2023-04-06""}, {""pollutant"": ""PM10"", ""start_date"": ""2023-04-06""}, {""pollutant"": ""NO2"", ""start_date"": ""1997-07-07""}]"
UKA00611,BDMA,Bradford Mayo Avenue,Yorkshire and the Humber,Urban Traffic,53.771245,-1.759774,https://uk-air.defra.gov.uk/networks/site-info?uka_id=UKA00611,NO2,"[{""pollutant"": ""NO2"", ""start_date"": ""2015-04-24""}]"
UKA01090,BRAS,Bradford Shipley Airedale Road,Yorkshire and the Humber,Urban Traffic,53.795169,-1.743742,https://uk-air.defra.gov.uk/networks/site-info?uka_id=UKA01090,"PM2.5,PM10","[{""pollutant"": ""PM2.5"", ""start_date"": ""2024-12-03""}, {""pollutant"": ""PM10"", ""start_date"": ""2024-12-03""}]"
UKA01161,BRWP,Bradford West Park,Yorkshire and the Humber,Urban Background,53.800617,-1.790806,https://uk-air.defra.gov.uk/networks/site-info?uka_id=UKA01161,"PM2.5,PM10","[{""pollutant"": ""PM2.5"", ""start_date"": ""2026-06-11""}, {""pollutant"": ""PM10"", ""start_date"": ""2026-06-11""}]"
UKA00654,DYAG,Dewsbury Ashworth Grange,Yorkshire and the Humber,Urban Background,53.693104,-1.637111,https://uk-air.defra.gov.uk/networks/site-info?uka_id=UKA00654,"PM2.5,PM10,NO2","[{""pollutant"": ""PM2.5"", ""start_date"": ""2022-06-23""}, {""pollutant"": ""PM10"", ""start_date"": ""2022-06-23""}, {""pollutant"": ""NO2"", ""start_date"": ""2018-04-01""}]"
UKA00612,DCST,Doncaster A630 Cleveland Street,Yorkshire and the Humber,Urban Traffic,53.518383,-1.13806,https://uk-air.defra.gov.uk/networks/site-info?uka_id=UKA00612,"PM2.5,NO2","[{""pollutant"": ""PM2.5"", ""start_date"": ""2024-12-05""}, {""pollutant"": ""NO2"", ""start_date"": ""2015-05-07""}]"
UKA01093,HARW,Harrogate Woodlands,Yorkshire and the Humber,Urban Background,53.993714,-1.511011,https://uk-air.defra.gov.uk/networks/site-info?uka_id=UKA01093,"PM2.5,PM10","[{""pollutant"": ""PM2.5"", ""start_date"": ""2025-01-23""}, {""pollutant"": ""PM10"", ""start_date"": ""2025-01-23""}]"
UKA00169,HM,High Muffles,Yorkshire and the Humber,Rural Background,54.334497,-0.80882,https://uk-air.defra.gov.uk/networks/site-info?uka_id=UKA00169,,[]
UKA00450,HUL2,Hull Freetown,Yorkshire and the Humber,Urban Background,53.74878,-0.341222,https://uk-air.defra.gov.uk/networks/site-info?uka_id=UKA00450,"PM2.5,PM10,NO2","[{""pollutant"": ""PM2.5"", ""start_date"": ""2008-08-27""}, {""pollutant"": ""PM10"", ""start_date"": ""2002-11-06""}, {""pollutant"": ""NO2"", ""start_date"": ""2002-11-06""}]"
UKA00600,HULR,Hull Holderness Road,Yorkshire and the Humber,Urban Traffic,53.759013,-0.305678,https://uk-air.defra.gov.uk/networks/site-info?uka_id=UKA00600,"PM2.5,PM10,NO2","[{""pollutant"": ""PM2.5"", ""start_date"": ""2024-11-12""}, {""pollutant"": ""PM10"", ""start_date"": ""2015-01-15""}, {""pollutant"": ""NO2"", ""start_date"": ""2015-01-01""}]"
UKA00647,IMGM,Immingham Woodlands Avenue,Yorkshire and the Humber,Urban Background,53.619241,-0.213324,https://uk-air.defra.gov.uk/networks/site-info?uka_id=UKA00647,"PM2.5,PM10,NO2","[{""pollutant"": ""PM2.5"", ""start_date"": ""2022-05-16""}, {""pollutant"": ""PM10"", ""start_date"": ""2022-05-16""}, {""pollutant"": ""NO2"", ""start_date"": ""2017-11-01""}]"
UKA00222,LEED,Leeds Centre,Yorkshire and the Humber,Urban Background,53.80378,-1.546472,https://uk-air.defra.gov.uk/networks/site-info?uka_id=UKA00222,"PM2.5,PM10,NO2","[{""pollutant"": ""PM2.5"", ""start_date"": ""2008-12-02""}, {""pollutant"": ""PM10"", ""start_date"": ""1993-01-04""}, {""pollutant"": ""NO2"", ""start_date"": ""1993-01-04""}]"
UKA00527,LED6,Leeds Headingley Kerbside,Yorkshire and the Humber,Urban Traffic,53.819972,-1.576361,https://uk-air.defra.gov.uk/networks/site-info?uka_id=UKA00527,"PM2.5,PM10,NO2","[{""pollutant"": ""PM2.5"", ""start_date"": ""2009-04-02""}, {""pollutant"": ""PM10"", ""start_date"": ""2008-02-17""}, {""pollutant"": ""NO2"", ""start_date"": ""2008-02-17""}]"
UKA01054,ROED,Rotherham East Dene,Yorkshire and the Humber,Urban Background,53.436248,-1.323872,https://uk-air.defra.gov.uk/networks/site-info?uka_id=UKA01054,"PM2.5,PM10","[{""pollutant"": ""PM2.5"", ""start_date"": ""2024-10-01""}, {""pollutant"": ""PM10"", ""start_date"": ""2024-10-01""}]"
UKA00381,SCN2,Scunthorpe Town,Yorkshire and the Humber,Urban Industrial,53.58634,-0.636811,https://uk-air.defra.gov.uk/networks/site-info?uka_id=UKA00381,"PM2.5,PM10,NO2","[{""pollutant"": ""PM2.5"", ""start_date"": ""2025-03-18""}, {""pollutant"": ""PM10"", ""start_date"": ""2004-06-06""}, {""pollutant"": ""NO2"", ""start_date"": ""2008-01-10""}]"
UKA00622,SHBR,Sheffield Barnsley Road,Yorkshire and the Humber,Urban Traffic,53.40495,-1.455815,https://uk-air.defra.gov.uk/networks/site-info?uka_id=UKA00622,"PM2.5,NO2","[{""pollutant"": ""PM2.5"", ""start_date"": ""2017-10-16""}, {""pollutant"": ""NO2"", ""start_date"": ""2016-08-01""}]"
UKA00575,SHDG,Sheffield Devonshire Green,Yorkshire and the Humber,Urban Background,53.378622,-1.478096,https://uk-air.defra.gov.uk/networks/site-info?uka_id=UKA00575,"PM2.5,PM10,NO2","[{""pollutant"": ""PM2.5"", ""start_date"": ""2013-10-31""}, {""pollutant"": ""PM10"", ""start_date"": ""2013-10-31""}, {""pollutant"": ""NO2"", ""start_date"": ""2013-10-31""}]"
UKA00181,SHE,Sheffield Tinsley,Yorkshire and the Humber,Urban Background,53.41058,-1.396139,https://uk-air.defra.gov.uk/networks/site-info?uka_id=UKA00181,"PM2.5,PM10,NO2","[{""pollutant"": ""PM2.5"", ""start_date"": ""2022-05-05""}, {""pollutant"": ""PM10"", ""start_date"": ""2022-05-05""}, {""pollutant"": ""NO2"", ""start_date"": ""1990-11-28""}]"
UKA01107,WAKA,Wakefield Alverthorpe,Yorkshire and the Humber,Urban Background,53.68736,-1.522209,https://uk-air.defra.gov.uk/networks/site-info?uka_id=UKA01107,"PM2.5,PM10","[{""pollutant"": ""PM2.5"", ""start_date"": ""2025-07-01""}, {""pollutant"": ""PM10"", ""start_date"": ""2025-07-01""}]"
UKA00523,YK10,York Bootham,Yorkshire and the Humber,Urban Background,53.967513,-1.086514,https://uk-air.defra.gov.uk/networks/site-info?uka_id=UKA00523,"PM2.5,PM10,NO2","[{""pollutant"": ""PM2.5"", ""start_date"": ""2008-12-03""}, {""pollutant"": ""PM10"", ""start_date"": ""2008-01-01""}, {""pollutant"": ""NO2"", ""start_date"": ""2016-08-16""}]"
UKA00524,YK11,York Fishergate,Yorkshire and the Humber,Urban Traffic,53.951889,-1.075861,https://uk-air.defra.gov.uk/networks/site-info?uka_id=UKA00524,"PM2.5,PM10,NO2","[{""pollutant"": ""PM2.5"", ""start_date"": ""2011-08-31""}, {""pollutant"": ""PM10"", ""start_date"": ""2008-01-01""}, {""pollutant"": ""NO2"", ""start_date"": ""2008-01-01""}]"
UKA00604,CHLG,Chesterfield Loundsley Green,East Midlands,Urban Background,53.244131,-1.454946,https://uk-air.defra.gov.uk/networks/site-info?uka_id=UKA00604,"PM2.5,PM10,NO2","[{""pollutant"": ""PM2.5"", ""start_date"": ""2015-03-01""}, {""pollutant"": ""PM10"", ""start_date"": ""2015-03-01""}, {""pollutant"": ""NO2"", ""start_date"": ""2015-03-01""}]"
UKA00529,CHS7,Chesterfield Roadside,East Midlands,Urban Traffic,53.231751,-1.456928,https://uk-air.defra.gov.uk/networks/site-info?uka_id=UKA00529,"PM2.5,PM10,NO2","[{""pollutant"": ""PM2.5"", ""start_date"": ""2009-07-01""}, {""pollutant"": ""PM10"", ""start_date"": ""2008-03-11""}, {""pollutant"": ""NO2"", ""start_date"": ""2008-03-11""}]"
UKA00630,DESA,Derby St Alkmund's Way,East Midlands,Urban Traffic,52.922983,-1.469507,https://uk-air.defra.gov.uk/networks/site-info?uka_id=UKA00630,"PM2.5,NO2","[{""pollutant"": ""PM2.5"", ""start_date"": ""2024-11-21""}, {""pollutant"": ""NO2"", ""start_date"": ""2017-01-01""}]"
UKA01027,DESB,Derby Stockbrook Park,East Midlands,Urban Background,52.916059,-1.492166,https://uk-air.defra.gov.uk/networks/site-info?uka_id=UKA01027,"PM2.5,PM10","[{""pollutant"": ""PM2.5"", ""start_date"": ""2023-11-24""}, {""pollutant"": ""PM10"", ""start_date"": ""2023-11-24""}]"
UKA00171,LB,Ladybower,East Midlands,Rural Background,53.40337,-1.752006,https://uk-air.defra.gov.uk/networks/site-info?uka_id=UKA00171,,[]
UKA00609,LEIR,Leicester A594 Roadside,East Midlands,Urban Traffic,52.638742,-1.124267,https://uk-air.defra.gov.uk/networks/site-info?uka_id=UKA00609,"PM2.5,PM10,NO2","[{""pollutant"": ""PM2.5"", ""start_date"": ""2024-11-26""}, {""pollutant"": ""PM10"", ""start_date"": ""2015-09-07""}, {""pollutant"": ""NO2"", ""start_date"": ""2015-06-01""}]"
UKA00573,LECU,Leicester University,East Midlands,Urban Background,52.619904,-1.127182,https://uk-air.defra.gov.uk/networks/site-info?uka_id=UKA00573,"PM2.5,PM10,NO2","[{""pollutant"": ""PM2.5"", ""start_date"": ""2013-10-01""}, {""pollutant"": ""PM10"", ""start_date"": ""2020-01-09""}, {""pollutant"": ""NO2"", ""start_date"": ""2013-10-01""}]"
UKA00561,LIN3,Lincoln Canwick Road,East Midlands,Urban Traffic,53.221432,-0.534204,https://uk-air.defra.gov.uk/networks/site-info?uka_id=UKA00561,NO2,"[{""pollutant"": ""NO2"", ""start_date"": ""2011-07-27""}]"
UKA01103,LOTA,Loughborough Thorpe Acre,East Midlands,Urban Background,52.780359,-1.227659,https://uk-air.defra.gov.uk/networks/site-info?uka_id=UKA01103,"PM2.5,PM10","[{""pollutant"": ""PM2.5"", ""start_date"": ""2025-05-12""}, {""pollutant"": ""PM10"", ""start_date"": ""2025-05-12""}]"
UKA01050,MALA,Mansfield Ladybrook,East Midlands,Urban Background,53.145302,-1.208302,https://uk-air.defra.gov.uk/networks/site-info?uka_id=UKA01050,"PM2.5,PM10","[{""pollutant"": ""PM2.5"", ""start_date"": ""2024-10-01""}, {""pollutant"": ""PM10"", ""start_date"": ""2024-10-01""}]"
UKA00632,NTN4,Northampton Spring Park,East Midlands,Urban Background,52.272257,-0.916605,https://uk-air.defra.gov.uk/networks/site-info?uka_id=UKA00632,"PM2.5,NO2","[{""pollutant"": ""PM2.5"", ""start_date"": ""2017-04-20""}, {""pollutant"": ""NO2"", ""start_date"": ""2017-04-01""}]"
UKA01092,NOTB,Nottingham Bilborough,East Midlands,Urban Background,52.969102,-1.230107,https://uk-air.defra.gov.uk/networks/site-info?uka_id=UKA01092,"PM2.5,PM10","[{""pollutant"": ""PM2.5"", ""start_date"": ""2025-01-22""}, {""pollutant"": ""PM10"", ""start_date"": ""2025-01-22""}]"
UKA01048,NOTK,Nottingham Kenmore Gardens,East Midlands,Urban Background,52.959441,-1.13865,https://uk-air.defra.gov.uk/networks/site-info?uka_id=UKA01048,"PM2.5,PM10,NO2","[{""pollutant"": ""PM2.5"", ""start_date"": ""2024-02-01""}, {""pollutant"": ""PM10"", ""start_date"": ""2024-02-01""}, {""pollutant"": ""NO2"", ""start_date"": ""2024-02-01""}]"
UKA00618,NWBV,Nottingham Western Boulevard,East Midlands,Urban Traffic,52.969377,-1.188851,https://uk-air.defra.gov.uk/networks/site-info?uka_id=UKA00618,"PM2.5,PM10,NO2","[{""pollutant"": ""PM2.5"", ""start_date"": ""2024-11-15""}, {""pollutant"": ""PM10"", ""start_date"": ""2016-03-01""}, {""pollutant"": ""NO2"", ""start_date"": ""2016-03-01""}]"
UKA01038,TALL,Tallington,East Midlands,Rural Background,52.656308,-0.381,https://uk-air.defra.gov.uk/networks/site-info?uka_id=UKA01038,,[]
UKA01026,TOFT,Toft Newton,East Midlands,Rural Background,53.374133,-0.449788,https://uk-air.defra.gov.uk/networks/site-info?uka_id=UKA01026,,[]
UKA01158,BEDC,Bedworth Collycroft,West Midlands,Urban Background,52.485839,-1.479622,https://uk-air.defra.gov.uk/networks/site-info?uka_id=UKA01158,"PM2.5,PM10","[{""pollutant"": ""PM2.5"", ""start_date"": ""2026-05-19""}, {""pollutant"": ""PM10"", ""start_date"": ""2026-05-19""}]"
UKA00626,BIRR,Birmingham A4540 Roadside,West Midlands,Urban Traffic,52.476145,-1.874978,https://uk-air.defra.gov.uk/networks/site-info?uka_id=UKA00626,"PM2.5,PM10,NO2","[{""pollutant"": ""PM2.5"", ""start_date"": ""2016-09-09""}, {""pollutant"": ""PM10"", ""start_date"": ""2016-09-09""}, {""pollutant"": ""NO2"", ""start_date"": ""2016-09-09""}]"
UKA01062,BIHG,Birmingham Hall Green,West Midlands,Urban Background,52.437553,-1.830956,https://uk-air.defra.gov.uk/networks/site-info?uka_id=UKA01062,"PM2.5,PM10,NO2","[{""pollutant"": ""PM2.5"", ""start_date"": ""2024-10-01""}, {""pollutant"": ""PM10"", ""start_date"": ""2024-10-01""}, {""pollutant"": ""NO2"", ""start_date"": ""2024-10-01""}]"
UKA00655,BMLD,Birmingham Ladywood,West Midlands,Urban Background,52.481346,-1.918235,https://uk-air.defra.gov.uk/networks/site-info?uka_id=UKA00655,"PM2.5,PM10,NO2","[{""pollutant"": ""PM2.5"", ""start_date"": ""2018-08-23""}, {""pollutant"": ""PM10"", ""start_date"": ""2018-08-23""}, {""pollutant"": ""NO2"", ""start_date"": ""2020-01-01""}]"
UKA01108,BAQF,Birmingham University,West Midlands,Urban Background,52.455515,-1.928937,https://uk-air.defra.gov.uk/networks/site-info?uka_id=UKA01108,"PM2.5,PM10","[{""pollutant"": ""PM2.5"", ""start_date"": ""2025-07-09""}, {""pollutant"": ""PM10"", ""start_date"": ""2025-07-09""}]"
UKA00652,BOTR,Burton-on-Trent Horninglow,West Midlands,Urban Background,52.82105,-1.635718,https://uk-air.defra.gov.uk/networks/site-info?uka_id=UKA00652,"PM2.5,PM10,NO2","[{""pollutant"": ""PM2.5"", ""start_date"": ""2022-07-01""}, {""pollutant"": ""PM10"", ""start_date"": ""2022-07-01""}, {""pollutant"": ""NO2"", ""start_date"": ""2018-02-01""}]"
UKA00623,CANK,Cannock A5190 Roadside,West Midlands,Urban Traffic,52.687298,-1.980821,https://uk-air.defra.gov.uk/networks/site-info?uka_id=UKA00623,"PM2.5,NO2","[{""pollutant"": ""PM2.5"", ""start_date"": ""2024-11-11""}, {""pollutant"": ""NO2"", ""start_date"": ""2016-08-10""}]"
UKA00592,COAL,Coventry Allesley,West Midlands,Urban Background,52.411628,-1.560189,https://uk-air.defra.gov.uk/networks/site-info?uka_id=UKA00592,"PM2.5,PM10,NO2","[{""pollutant"": ""PM2.5"", ""start_date"": ""2014-06-11""}, {""pollutant"": ""PM10"", ""start_date"": ""2019-05-28""}, {""pollutant"": ""NO2"", ""start_date"": ""2014-06-17""}]"
UKA00634,COBR,Coventry Binley Road,West Midlands,Urban Traffic,52.407708,-1.490082,https://uk-air.defra.gov.uk/networks/site-info?uka_id=UKA00634,"PM2.5,PM10,NO2","[{""pollutant"": ""PM2.5"", ""start_date"": ""2024-10-22""}, {""pollutant"": ""PM10"", ""start_date"": ""2017-04-01""}, {""pollutant"": ""NO2"", ""start_date"": ""2017-04-01""}]"
UKA00265,LEAM,Leamington Spa,West Midlands,Urban Background,52.28881,-1.533119,https://uk-air.defra.gov.uk/networks/site-info?uka_id=UKA00265,"PM2.5,PM10,NO2","[{""pollutant"": ""PM2.5"", ""start_date"": ""2008-12-18""}, {""pollutant"": ""PM10"", ""start_date"": ""1996-07-26""}, {""pollutant"": ""NO2"", ""start_date"": ""1996-07-26""}]"
UKA00564,LEAR,Leamington Spa Rugby Road,West Midlands,Urban Traffic,52.294884,-1.542911,https://uk-air.defra.gov.uk/networks/site-info?uka_id=UKA00564,"PM2.5,PM10,NO2","[{""pollutant"": ""PM2.5"", ""start_date"": ""2012-06-01""}, {""pollutant"": ""PM10"", ""start_date"": ""2012-06-01""}, {""pollutant"": ""NO2"", ""start_date"": ""2012-06-01""}]"
UKA00489,LEOM,Leominster,West Midlands,Suburban Background,52.221593,-2.73684,https://uk-air.defra.gov.uk/networks/site-info?uka_id=UKA00489,NO2,"[{""pollutant"": ""NO2"", ""start_date"": ""2005-07-18""}]"
UKA00595,BOLD,Oldbury Birmingham Road,West Midlands,Urban Traffic,52.502436,-2.003497,https://uk-air.defra.gov.uk/networks/site-info?uka_id=UKA00595,"PM2.5,PM10,NO2","[{""pollutant"": ""PM2.5"", ""start_date"": ""2025-05-14""}, {""pollutant"": ""PM10"", ""start_date"": ""2025-05-14""}, {""pollutant"": ""NO2"", ""start_date"": ""2014-09-01""}]"
UKA01055,SHUN,Shrewsbury Underdale,West Midlands,Urban Background,52.715083,-2.726833,https://uk-air.defra.gov.uk/networks/site-info?uka_id=UKA01055,"PM2.5,PM10","[{""pollutant"": ""PM2.5"", ""start_date"": ""2024-11-01""}, {""pollutant"": ""PM10"", ""start_date"": ""2024-11-01""}]"
UKA00610,STKR,Stoke-on-Trent A50 Roadside,West Midlands,Urban Traffic,52.980436,-2.111898,https://uk-air.defra.gov.uk/networks/site-info?uka_id=UKA00610,"PM2.5,PM10,NO2","[{""pollutant"": ""PM2.5"", ""start_date"": ""2024-11-27""}, {""pollutant"": ""PM10"", ""start_date"": ""2015-05-22""}, {""pollutant"": ""NO2"", ""start_date"": ""2015-05-22""}]"
UKA00337,STOK,Stoke-on-Trent Centre,West Midlands,Urban Background,53.02821,-2.175133,https://uk-air.defra.gov.uk/networks/site-info?uka_id=UKA00337,"PM2.5,PM10,NO2","[{""pollutant"": ""PM2.5"", ""start_date"": ""2008-11-05""}, {""pollutant"": ""PM10"", ""start_date"": ""1997-03-11""}, {""pollutant"": ""NO2"", ""start_date"": ""1997-03-11""}]"
UKA00648,TDHD,Telford Hollinswood,West Midlands,Urban Background,52.673471,-2.436692,https://uk-air.defra.gov.uk/networks/site-info?uka_id=UKA00648,"PM2.5,PM10,NO2","[{""pollutant"": ""PM2.5"", ""start_date"": ""2022-07-04""}, {""pollutant"": ""PM10"", ""start_date"": ""2022-07-04""}, {""pollutant"": ""NO2"", ""start_date"": ""2017-11-01""}]"
UKA01117,WALD,Walsall Caldmore,West Midlands,Urban Background,52.574031,-1.983799,https://uk-air.defra.gov.uk/networks/site-info?uka_id=UKA01117,"PM2.5,PM10","[{""pollutant"": ""PM2.5"", ""start_date"": ""2025-12-16""}, {""pollutant"": ""PM10"", ""start_date"": ""2025-12-16""}]"
UKA00565,WAL4,Walsall Woodlands,West Midlands,Urban Background,52.605641,-2.030371,https://uk-air.defra.gov.uk/networks/site-info?uka_id=UKA00565,NO2,"[{""pollutant"": ""NO2"", ""start_date"": ""2012-06-19""}]"
UKA00658,WBKP,West Bromwich Kenrick Park,West Midlands,Urban Background,52.508342,-1.98607,https://uk-air.defra.gov.uk/networks/site-info?uka_id=UKA00658,NO2,"[{""pollutant"": ""NO2"", ""start_date"": ""2019-04-01""}]"
UKA01162,WOLE,Wolverhampton East Park,West Midlands,Urban Background,52.587571,-2.095736,https://uk-air.defra.gov.uk/networks/site-info?uka_id=UKA01162,"PM2.5,PM10","[{""pollutant"": ""PM2.5"", ""start_date"": ""2026-06-26""}, {""pollutant"": ""PM10"", ""start_date"": ""2026-06-26""}]"
UKA01098,WORT,Worcester Tolladine,West Midlands,Urban Background,52.209364,-2.180563,https://uk-air.defra.gov.uk/networks/site-info?uka_id=UKA01098,"PM2.5,PM10","[{""pollutant"": ""PM2.5"", ""start_date"": ""2025-03-24""}, {""pollutant"": ""PM10"", ""start_date"": ""2025-03-24""}]"
UKA00644,,Borehamwood Meadow Park,East of England,Urban Background,51.661229,-0.27055,https://uk-air.defra.gov.uk/networks/site-info?uka_id=UKA00644,,[]
UKA01115,CAMK,Cambridge King's Hedges,East of England,Urban Background,52.230135,0.139191,https://uk-air.defra.gov.uk/networks/site-info?uka_id=UKA01115,"PM2.5,PM10","[{""pollutant"": ""PM2.5"", ""start_date"": ""2025-10-27""}, {""pollutant"": ""PM10"", ""start_date"": ""2025-10-27""}]"
UKA00396,CAM,Cambridge Roadside,East of England,Urban Traffic,52.20237,0.124456,https://uk-air.defra.gov.uk/networks/site-info?uka_id=UKA00396,NO2,"[{""pollutant"": ""NO2"", ""start_date"": ""1999-06-26""}]"
UKA00605,LUTR,Luton A505 Roadside,East of England,Urban Traffic,51.892293,-0.46211,https://uk-air.defra.gov.uk/networks/site-info?uka_id=UKA00605,"PM2.5,NO2","[{""pollutant"": ""PM2.5"", ""start_date"": ""2024-11-12""}, {""pollutant"": ""NO2"", ""start_date"": ""2015-03-11""}]"
UKA00549,NO12,Norwich Lakenfields,East of England,Urban Background,52.614823,1.302686,https://uk-air.defra.gov.uk/networks/site-info?uka_id=UKA00549,"PM2.5,PM10,NO2","[{""pollutant"": ""PM2.5"", ""start_date"": ""2009-10-08""}, {""pollutant"": ""PM10"", ""start_date"": ""2009-10-08""}, {""pollutant"": ""NO2"", ""start_date"": ""2009-09-01""}]"
UKA01052,PEGE,Peterborough Garton End,East of England,Urban Background,52.594012,-0.248945,https://uk-air.defra.gov.uk/networks/site-info?uka_id=UKA01052,"PM2.5,PM10","[{""pollutant"": ""PM2.5"", ""start_date"": ""2024-10-01""}, {""pollutant"": ""PM10"", ""start_date"": ""2024-10-01""}]"
UKA00012,SIB,Sibton,East of England,Rural Background,52.2944,1.463497,https://uk-air.defra.gov.uk/networks/site-info?uka_id=UKA00012,,[]
UKA01096,SOUS,Southend Shoeburyness,East of England,Urban Background,51.537836,0.792578,https://uk-air.defra.gov.uk/networks/site-info?uka_id=UKA01096,"PM2.5,PM10","[{""pollutant"": ""PM2.5"", ""start_date"": ""2025-03-18""}, {""pollutant"": ""PM10"", ""start_date"": ""2025-03-18""}]"
UKA00409,SEND,Southend-on-Sea,East of England,Urban Background,51.544166,0.678331,https://uk-air.defra.gov.uk/networks/site-info?uka_id=UKA00409,"PM2.5,PM10,NO2","[{""pollutant"": ""PM2.5"", ""start_date"": ""2009-01-30""}, {""pollutant"": ""PM10"", ""start_date"": ""2000-07-24""}, {""pollutant"": ""NO2"", ""start_date"": ""2000-07-24""}]"
UKA00445,OSY,St Osyth,East of England,Rural Background,51.777874,1.04901,https://uk-air.defra.gov.uk/networks/site-info?uka_id=UKA00445,,[]
UKA00525,,Stanford-le-Hope Roadside,East of England,Urban Traffic,51.518167,0.439548,https://uk-air.defra.gov.uk/networks/site-info?uka_id=UKA00525,,[]
UKA01156,STGW,Stevenage St Georges Way South,East of England,Urban Traffic,51.903112,-0.19937,https://uk-air.defra.gov.uk/networks/site-info?uka_id=UKA01156,PM2.5,"[{""pollutant"": ""PM2.5"", ""start_date"": ""2026-04-14""}]"
UKA00272,,Thurrock,East of England,Urban Background,51.47707,0.317969,https://uk-air.defra.gov.uk/networks/site-info?uka_id=UKA00272,,[]
UKA00433,WEYB,Weybourne,East of England,Rural Background,52.95049,1.122017,https://uk-air.defra.gov.uk/networks/site-info?uka_id=UKA00433,,[]
UKA00362,WFEN,Wicken Fen,East of England,Rural Background,52.2985,0.290917,https://uk-air.defra.gov.uk/networks/site-info?uka_id=UKA00362,,[]
UKA00259,,Camden Kerbside,London,Urban Traffic,51.544233,-0.175228,https://uk-air.defra.gov.uk/networks/site-info?uka_id=UKA00259,,[]
UKA00591,,Ealing Horn Lane,London,Urban Traffic,51.51895,-0.265617,https://uk-air.defra.gov.uk/networks/site-info?uka_id=UKA00591,,[]
UKA00260,,Haringey Roadside,London,Urban Traffic,51.5993,-0.068218,https://uk-air.defra.gov.uk/networks/site-info?uka_id=UKA00260,,[]
UKA01119,LONC,London A406 N Circular,London,Urban Traffic,51.614224,-0.059503,https://uk-air.defra.gov.uk/networks/site-info?uka_id=UKA01119,"PM2.5,PM10","[{""pollutant"": ""PM2.5"", ""start_date"": ""2026-01-08""}, {""pollutant"": ""PM10"", ""start_date"": ""2026-01-08""}]"
UKA00238,,London Bexley,London,Suburban Background,51.46603,0.184806,https://uk-air.defra.gov.uk/networks/site-info?uka_id=UKA00238,,[]
UKA00211,CLL2,London Bloomsbury,London,Urban Background,51.52229,-0.125889,https://uk-air.defra.gov.uk/networks/site-info?uka_id=UKA00211,"PM2.5,PM10,NO2","[{""pollutant"": ""PM2.5"", ""start_date"": ""1998-03-26""}, {""pollutant"": ""PM10"", ""start_date"": ""1992-01-23""}, {""pollutant"": ""NO2"", ""start_date"": ""1992-01-23""}]"
UKA01104,,London Farringdon Street,London,Urban Traffic,51.514741,-0.104522,https://uk-air.defra.gov.uk/networks/site-info?uka_id=UKA01104,,[]
UKA00568,,London Haringey Priory Park South,London,Urban Background,51.584128,-0.125254,https://uk-air.defra.gov.uk/networks/site-info?uka_id=UKA00568,,[]
UKA00472,HRL,London Harlington,London,Urban Industrial,51.48879,-0.441614,https://uk-air.defra.gov.uk/networks/site-info?uka_id=UKA00472,"PM2.5,PM10,NO2","[{""pollutant"": ""PM2.5"", ""start_date"": ""2008-09-16""}, {""pollutant"": ""PM10"", ""start_date"": ""2004-01-01""}, {""pollutant"": ""NO2"", ""start_date"": ""2004-01-01""}]"
UKA00266,HIL,London Hillingdon,London,Urban Background,51.49633,-0.460861,https://uk-air.defra.gov.uk/networks/site-info?uka_id=UKA00266,"PM2.5,PM10,NO2","[{""pollutant"": ""PM2.5"", ""start_date"": ""2022-05-05""}, {""pollutant"": ""PM10"", ""start_date"": ""1996-08-02""}, {""pollutant"": ""NO2"", ""start_date"": ""1996-08-02""}]"
UKA00656,,London Honor Oak Park,London,Urban Background,51.449674,-0.037418,https://uk-air.defra.gov.uk/networks/site-info?uka_id=UKA00656,,[]
UKA00315,,London Marylebone Road,London,Urban Traffic,51.52253,-0.154611,https://uk-air.defra.gov.uk/networks/site-info?uka_id=UKA00315,,[]
UKA00253,,London N. Kensington,London,Urban Background,51.52105,-0.213419,https://uk-air.defra.gov.uk/networks/site-info?uka_id=UKA00253,,[]
UKA01100,LONM,London Norbury Manor School,London,Urban Background,51.41004,-0.12748,https://uk-air.defra.gov.uk/networks/site-info?uka_id=UKA01100,"PM2.5,PM10","[{""pollutant"": ""PM2.5"", ""start_date"": ""2025-04-02""}, {""pollutant"": ""PM10"", ""start_date"": ""2025-04-02""}]"
UKA00572,TED2,London Teddington Bushy Park,London,Urban Background,51.425286,-0.345606,https://uk-air.defra.gov.uk/networks/site-info?uka_id=UKA00572,"PM2.5,PM10","[{""pollutant"": ""PM2.5"", ""start_date"": ""2013-08-09""}, {""pollutant"": ""PM10"", ""start_date"": ""2020-01-01""}]"
UKA00435,HORS,London Westminster,London,Urban Background,51.49467,-0.131931,https://uk-air.defra.gov.uk/networks/site-info?uka_id=UKA00435,"PM2.5,NO2","[{""pollutant"": ""PM2.5"", ""start_date"": ""2018-04-01""}, {""pollutant"": ""NO2"", ""start_date"": ""2001-07-17""}]"
UKA00558,,Southwark A2 Old Kent Road,London,Urban Traffic,51.480499,-0.05955,https://uk-air.defra.gov.uk/networks/site-info?uka_id=UKA00558,,[]
UKA01109,AYLA,Aylesbury A4157,South East,Urban Traffic,51.822161,-0.793884,https://uk-air.defra.gov.uk/networks/site-info?uka_id=UKA01109,PM2.5,"[{""pollutant"": ""PM2.5"", ""start_date"": ""2025-08-11""}]"
UKA00483,BRT3,Brighton Preston Park,South East,Urban Background,50.840836,-0.147572,https://uk-air.defra.gov.uk/networks/site-info?uka_id=UKA00483,"PM2.5,PM10,NO2","[{""pollutant"": ""PM2.5"", ""start_date"": ""2020-01-01""}, {""pollutant"": ""PM10"", ""start_date"": ""2024-08-21""}, {""pollutant"": ""NO2"", ""start_date"": ""2004-11-03""}]"
UKA00553,CHAT,Chatham Roadside,South East,Urban Traffic,51.374264,0.54797,https://uk-air.defra.gov.uk/networks/site-info?uka_id=UKA00553,"PM2.5,PM10,NO2","[{""pollutant"": ""PM2.5"", ""start_date"": ""2010-07-01""}, {""pollutant"": ""PM10"", ""start_date"": ""2010-07-01""}, {""pollutant"": ""NO2"", ""start_date"": ""2010-07-01""}]"
UKA00614,CHBO,Chilbolton Observatory,South East,Rural Background,51.149617,-1.438228,https://uk-air.defra.gov.uk/networks/site-info?uka_id=UKA00614,,[]
UKA00546,EB,Eastbourne,South East,Urban Background,50.805778,0.271611,https://uk-air.defra.gov.uk/networks/site-info?uka_id=UKA00546,"PM2.5,PM10,NO2","[{""pollutant"": ""PM2.5"", ""start_date"": ""2009-07-01""}, {""pollutant"": ""PM10"", ""start_date"": ""2009-07-01""}, {""pollutant"": ""NO2"", ""start_date"": ""2010-11-01""}]"
UKA01097,FARC,Farnborough Cherrywood,South East,Urban Background,51.307583,-0.764982,https://uk-air.defra.gov.uk/networks/site-info?uka_id=UKA01097,"PM2.5,PM10","[{""pollutant"": ""PM2.5"", ""start_date"": ""2025-03-26""}, {""pollutant"": ""PM10"", ""start_date"": ""2025-03-26""}]"
UKA00511,,Horley,South East,Suburban Industrial,51.165865,-0.167734,https://uk-air.defra.gov.uk/networks/site-info?uka_id=UKA00511,,[]
UKA00152,LH,Lullington Heath,South East,Rural Background,50.7937,0.18125,https://uk-air.defra.gov.uk/networks/site-info?uka_id=UKA00152,,[]
UKA01064,MAID,Maidstone Upper Stone Street,South East,Urban Traffic,51.268519,0.526348,https://uk-air.defra.gov.uk/networks/site-info?uka_id=UKA01064,"PM2.5,PM10","[{""pollutant"": ""PM2.5"", ""start_date"": ""2024-12-10""}, {""pollutant"": ""PM10"", ""start_date"": ""2024-12-10""}]"
UKA00963,MKCC,Milton Keynes Civic Centre,South East,Urban Background,52.044076,-0.761013,https://uk-air.defra.gov.uk/networks/site-info?uka_id=UKA00963,"PM2.5,PM10","[{""pollutant"": ""PM2.5"", ""start_date"": ""2023-03-29""}, {""pollutant"": ""PM10"", ""start_date"": ""2023-03-29""}]"
UKA00258,OX,Oxford Centre Roadside,South East,Urban Traffic,51.751745,-1.257463,https://uk-air.defra.gov.uk/networks/site-info?uka_id=UKA00258,NO2,"[{""pollutant"": ""NO2"", ""start_date"": ""1996-04-15""}]"
UKA00518,OX8,Oxford St Ebbes,South East,Urban Background,51.744806,-1.260278,https://uk-air.defra.gov.uk/networks/site-info?uka_id=UKA00518,"PM2.5,PM10,NO2","[{""pollutant"": ""PM2.5"", ""start_date"": ""2008-12-18""}, {""pollutant"": ""PM10"", ""start_date"": ""2008-01-01""}, {""pollutant"": ""NO2"", ""start_date"": ""2008-01-01""}]"
UKA00421,PMTH,Portsmouth,South East,Urban Background,50.82881,-1.068583,https://uk-air.defra.gov.uk/networks/site-info?uka_id=UKA00421,"PM2.5,PM10,NO2","[{""pollutant"": ""PM2.5"", ""start_date"": ""2008-12-23""}, {""pollutant"": ""PM10"", ""start_date"": ""2001-01-01""}, {""pollutant"": ""NO2"", ""start_date"": ""2001-01-01""}]"
UKA00651,POAR,Portsmouth Anglesea Road,South East,Urban Traffic,50.798339,-1.095558,https://uk-air.defra.gov.uk/networks/site-info?uka_id=UKA00651,"PM2.5,PM10,NO2","[{""pollutant"": ""PM2.5"", ""start_date"": ""2024-11-20""}, {""pollutant"": ""PM10"", ""start_date"": ""2018-01-01""}, {""pollutant"": ""NO2"", ""start_date"": ""2018-01-01""}]"
UKA00620,REA5,Reading London Road,South East,Urban Traffic,51.454896,-0.940382,https://uk-air.defra.gov.uk/networks/site-info?uka_id=UKA00620,"PM10,NO2","[{""pollutant"": ""PM10"", ""start_date"": ""2016-03-04""}, {""pollutant"": ""NO2"", ""start_date"": ""2016-03-04""}]"
UKA00462,REA1,Reading New Town,South East,Urban Background,51.45309,-0.944067,https://uk-air.defra.gov.uk/networks/site-info?uka_id=UKA00462,"PM2.5,PM10,NO2","[{""pollutant"": ""PM2.5"", ""start_date"": ""2008-09-25""}, {""pollutant"": ""PM10"", ""start_date"": ""2003-10-17""}, {""pollutant"": ""NO2"", ""start_date"": ""2003-10-17""}]"
UKA01053,RRKL,Reading Rose Kiln Lane,South East,Urban Traffic,51.4459,-0.976081,https://uk-air.defra.gov.uk/networks/site-info?uka_id=UKA01053,PM2.5,"[{""pollutant"": ""PM2.5"", ""start_date"": ""2024-11-07""}]"
UKA00251,ROCH,Rochester Stoke,South East,Rural Background,51.45617,0.634889,https://uk-air.defra.gov.uk/networks/site-info?uka_id=UKA00251,,[]
UKA01091,SLOW,Slough Windmill Bath Road,South East,Urban Traffic,51.51223,-0.610392,https://uk-air.defra.gov.uk/networks/site-info?uka_id=UKA01091,"PM2.5,PM10","[{""pollutant"": ""PM2.5"", ""start_date"": ""2025-01-14""}, {""pollutant"": ""PM10"", ""start_date"": ""2025-01-14""}]"
UKA00613,SA33,Southampton A33,South East,Urban Traffic,50.920265,-1.463484,https://uk-air.defra.gov.uk/networks/site-info?uka_id=UKA00613,"PM2.5,PM10,NO2","[{""pollutant"": ""PM2.5"", ""start_date"": ""2024-12-18""}, {""pollutant"": ""PM10"", ""start_date"": ""2016-01-01""}, {""pollutant"": ""NO2"", ""start_date"": ""2016-01-01""}]"
UKA00235,SOUT,Southampton Centre,South East,Urban Background,50.908173,-1.395757,https://uk-air.defra.gov.uk/networks/site-info?uka_id=UKA00235,"PM2.5,PM10,NO2","[{""pollutant"": ""PM2.5"", ""start_date"": ""2008-11-05""}, {""pollutant"": ""PM10"", ""start_date"": ""1994-01-04""}, {""pollutant"": ""NO2"", ""start_date"": ""1994-01-04""}]"
UKA00548,STOR,Storrington Roadside,South East,Urban Traffic,50.916932,-0.449548,https://uk-air.defra.gov.uk/networks/site-info?uka_id=UKA00548,"PM2.5,PM10,NO2","[{""pollutant"": ""PM2.5"", ""start_date"": ""2009-08-01""}, {""pollutant"": ""PM10"", ""start_date"": ""2009-08-01""}, {""pollutant"": ""NO2"", ""start_date"": ""2009-08-01""}]"
UKA00628,WTHG,Worthing A27 Roadside,South East,Urban Traffic,50.832947,-0.379916,https://uk-air.defra.gov.uk/networks/site-info?uka_id=UKA00628,"PM2.5,NO2","[{""pollutant"": ""PM2.5"", ""start_date"": ""2018-03-01""}, {""pollutant"": ""NO2"", ""start_date"": ""2016-10-01""}]"
UKA01061,WOEA,Worthing East Ten Acres,South East,Urban Background,50.817286,-0.353272,https://uk-air.defra.gov.uk/networks/site-info?uka_id=UKA01061,"PM2.5,PM10","[{""pollutant"": ""PM2.5"", ""start_date"": ""2024-08-16""}, {""pollutant"": ""PM10"", ""start_date"": ""2024-08-16""}]"
UKA00574,BPLE,Barnstaple A39,South West,Urban Traffic,51.074793,-4.041924,https://uk-air.defra.gov.uk/networks/site-info?uka_id=UKA00574,"PM2.5,PM10","[{""pollutant"": ""PM2.5"", ""start_date"": ""2013-11-14""}, {""pollutant"": ""PM10"", ""start_date"": ""2013-11-14""}]"
UKA00660,BHA4,Bath A4 Roadside,South West,Urban Traffic,51.390922,-2.35503,https://uk-air.defra.gov.uk/networks/site-info?uka_id=UKA00660,NO2,"[{""pollutant"": ""NO2"", ""start_date"": ""2019-10-24""}]"
UKA00429,BORN,Bournemouth,South West,Urban Background,50.73957,-1.826744,https://uk-air.defra.gov.uk/networks/site-info?uka_id=UKA00429,"PM2.5,NO2","[{""pollutant"": ""PM2.5"", ""start_date"": ""2017-11-01""}, {""pollutant"": ""NO2"", ""start_date"": ""2001-03-05""}]"
UKA01160,BOBV,Bournemouth Bourne Valley,South West,Urban Background,50.740961,-1.927742,https://uk-air.defra.gov.uk/networks/site-info?uka_id=UKA01160,"PM2.5,PM10","[{""pollutant"": ""PM2.5"", ""start_date"": ""2026-06-05""}, {""pollutant"": ""PM10"", ""start_date"": ""2026-06-05""}]"
UKA01120,BRIW,Bridgwater A372 Westonzoyland,South West,Urban Traffic,51.125113,-2.984988,https://uk-air.defra.gov.uk/networks/site-info?uka_id=UKA01120,PM2.5,"[{""pollutant"": ""PM2.5"", ""start_date"": ""2026-03-24""}]"
UKA01116,BRSP,Bristol Patchway,South West,Urban Background,51.529672,-2.58642,https://uk-air.defra.gov.uk/networks/site-info?uka_id=UKA01116,"PM2.5,PM10","[{""pollutant"": ""PM2.5"", ""start_date"": ""2025-11-12""}, {""pollutant"": ""PM10"", ""start_date"": ""2025-11-12""}]"
UKA00494,BRS8,Bristol St Paul's,South West,Urban Background,51.462839,-2.584482,https://uk-air.defra.gov.uk/networks/site-info?uka_id=UKA00494,"PM2.5,PM10,NO2","[{""pollutant"": ""PM2.5"", ""start_date"": ""2008-08-12""}, {""pollutant"": ""PM10"", ""start_date"": ""2006-06-15""}, {""pollutant"": ""NO2"", ""start_date"": ""2006-06-15""}]"
UKA00631,BR11,Bristol Temple Way,South West,Urban Traffic,51.457968,-2.583975,https://uk-air.defra.gov.uk/networks/site-info?uka_id=UKA00631,"PM2.5,PM10,NO2","[{""pollutant"": ""PM2.5"", ""start_date"": ""2024-10-04""}, {""pollutant"": ""PM10"", ""start_date"": ""2017-11-01""}, {""pollutant"": ""NO2"", ""start_date"": ""2017-04-01""}]"
UKA00537,MACK,Charlton Mackrell,South West,Rural Background,51.05625,-2.68345,https://uk-air.defra.gov.uk/networks/site-info?uka_id=UKA00537,,[]
UKA01101,CHGR,Cheltenham A40 Gloucester Road,South West,Urban Traffic,51.896592,-2.113747,https://uk-air.defra.gov.uk/networks/site-info?uka_id=UKA01101,PM2.5,"[{""pollutant"": ""PM2.5"", ""start_date"": ""2025-03-20""}]"
UKA00624,CHBR,Christchurch Barrack Road,South West,Urban Traffic,50.735454,-1.780888,https://uk-air.defra.gov.uk/networks/site-info?uka_id=UKA00624,"PM2.5,NO2","[{""pollutant"": ""PM2.5"", ""start_date"": ""2017-10-01""}, {""pollutant"": ""NO2"", ""start_date"": ""2016-09-01""}]"
UKA00263,EX,Exeter Roadside,South West,Urban Traffic,50.725083,-3.532465,https://uk-air.defra.gov.uk/networks/site-info?uka_id=UKA00263,NO2,"[{""pollutant"": ""NO2"", ""start_date"": ""1996-07-02""}]"
UKA01102,GLOT,Gloucester Tredworth,South West,Urban Background,51.849673,-2.234996,https://uk-air.defra.gov.uk/networks/site-info?uka_id=UKA01102,"PM2.5,PM10","[{""pollutant"": ""PM2.5"", ""start_date"": ""2025-04-01""}, {""pollutant"": ""PM10"", ""start_date"": ""2025-04-01""}]"
UKA00566,HONI,Honiton,South West,Urban Background,50.792287,-3.196702,https://uk-air.defra.gov.uk/networks/site-info?uka_id=UKA00566,"PM2.5,PM10,NO2","[{""pollutant"": ""PM2.5"", ""start_date"": ""2022-03-18""}, {""pollutant"": ""PM10"", ""start_date"": ""2022-03-18""}, {""pollutant"": ""NO2"", ""start_date"": ""2012-06-21""}]"
UKA00360,PLYM,Plymouth Centre,South West,Urban Background,50.37167,-4.142361,https://uk-air.defra.gov.uk/networks/site-info?uka_id=UKA00360,"PM2.5,PM10,NO2","[{""pollutant"": ""PM2.5"", ""start_date"": ""2009-10-13""}, {""pollutant"": ""PM10"", ""start_date"": ""1997-09-29""}, {""pollutant"": ""NO2"", ""start_date"": ""1997-09-29""}]"
UKA00629,PLYR,Plymouth Tavistock Road,South West,Urban Traffic,50.411058,-4.130288,https://uk-air.defra.gov.uk/networks/site-info?uka_id=UKA00629,NO2,"[{""pollutant"": ""NO2"", ""start_date"": ""2017-01-01""}]"
UKA00569,SASH,Saltash Callington Road,South West,Urban Traffic,50.411463,-4.227678,https://uk-air.defra.gov.uk/networks/site-info?uka_id=UKA00569,"PM2.5,PM10","[{""pollutant"": ""PM2.5"", ""start_date"": ""2013-01-01""}, {""pollutant"": ""PM10"", ""start_date"": ""2013-01-01""}]"
UKA00650,SWHO,Swindon Walcot,South West,Urban Background,51.558061,-1.765678,https://uk-air.defra.gov.uk/networks/site-info?uka_id=UKA00650,"PM2.5,PM10,NO2","[{""pollutant"": ""PM2.5"", ""start_date"": ""2022-06-10""}, {""pollutant"": ""PM10"", ""start_date"": ""2022-06-10""}, {""pollutant"": ""NO2"", ""start_date"": ""2018-01-01""}]"
UKA00168,YW,Yarner Wood,South West,Rural Background,50.5976,-3.71651,https://uk-air.defra.gov.uk/networks/site-info?uka_id=UKA00168,,[]
