date,region,station_code,uka_id,station_name,environment_type,latitude,longitude,pollutant,daily_mean_ug_m3,hourly_observations,ratified_hourly_observations,provisional_hourly_observations,as_supplied_hourly_observations,excluded_status_observations,hour_ending_24_observations,source_time_basis,data_status,expected_hours,minimum_required_hours,completeness_percent,valid_daily_mean,who_2021_24h_aqg_ug_m3,above_who_reference,comparison_status,provisional,source_url
2026-07-17,East Midlands,CHLG,UKA00604,Chesterfield Loundsley Green,Urban Background,53.244131,-1.454946,PM2.5,18.701,24,0,24,0,0,1,GMT hour ending; daily aggregation uses the printed source calendar date,contains_provisional,24,18,100.0,True,15.0,True,assessed_contextual_reference,True,https://uk-air.defra.gov.uk/datastore/data_files/site_data/CHLG_2026.csv?v=1
2026-07-17,East Midlands,CHS7,UKA00529,Chesterfield Roadside,Urban Traffic,53.231751,-1.456928,PM2.5,22.654,24,0,24,0,0,1,GMT hour ending; daily aggregation uses the printed source calendar date,contains_provisional,24,18,100.0,True,15.0,True,assessed_contextual_reference,True,https://uk-air.defra.gov.uk/datastore/data_files/site_data/CHS7_2026.csv?v=1
2026-07-17,East Midlands,DESA,UKA00630,Derby St Alkmund's Way,Urban Traffic,52.922983,-1.469507,PM2.5,19.696,24,0,24,0,0,1,GMT hour ending; daily aggregation uses the printed source calendar date,contains_provisional,24,18,100.0,True,15.0,True,assessed_contextual_reference,True,https://uk-air.defra.gov.uk/datastore/data_files/site_data/DESA_2026.csv?v=1
2026-07-17,East Midlands,DESB,UKA01027,Derby Stockbrook Park,Urban Background,52.916059,-1.492166,PM2.5,17.476,24,0,24,0,0,1,GMT hour ending; daily aggregation uses the printed source calendar date,contains_provisional,24,18,100.0,True,15.0,True,assessed_contextual_reference,True,https://uk-air.defra.gov.uk/datastore/data_files/site_data/DESB_2026.csv?v=1
2026-07-17,East Midlands,LECU,UKA00573,Leicester University,Urban Background,52.619904,-1.127182,PM2.5,17.196,24,0,24,0,0,1,GMT hour ending; daily aggregation uses the printed source calendar date,contains_provisional,24,18,100.0,True,15.0,True,assessed_contextual_reference,True,https://uk-air.defra.gov.uk/datastore/data_files/site_data/LECU_2026.csv?v=1
2026-07-17,East Midlands,LEIR,UKA00609,Leicester A594 Roadside,Urban Traffic,52.638742,-1.124267,PM2.5,19.492,24,0,24,0,0,1,GMT hour ending; daily aggregation uses the printed source calendar date,contains_provisional,24,18,100.0,True,15.0,True,assessed_contextual_reference,True,https://uk-air.defra.gov.uk/datastore/data_files/site_data/LEIR_2026.csv?v=1
2026-07-17,East Midlands,LOTA,UKA01103,Loughborough Thorpe Acre,Urban Background,52.780359,-1.227659,PM2.5,17.897,24,0,24,0,0,1,GMT hour ending; daily aggregation uses the printed source calendar date,contains_provisional,24,18,100.0,True,15.0,True,assessed_contextual_reference,True,https://uk-air.defra.gov.uk/datastore/data_files/site_data/LOTA_2026.csv?v=1
2026-07-17,East Midlands,MALA,UKA01050,Mansfield Ladybrook,Urban Background,53.145302,-1.208302,PM2.5,18.257,24,0,24,0,0,1,GMT hour ending; daily aggregation uses the printed source calendar date,contains_provisional,24,18,100.0,True,15.0,True,assessed_contextual_reference,True,https://uk-air.defra.gov.uk/datastore/data_files/site_data/MALA_2026.csv?v=1
2026-07-17,East Midlands,NOTB,UKA01092,Nottingham Bilborough,Urban Background,52.969102,-1.230107,PM2.5,17.817,24,0,24,0,0,1,GMT hour ending; daily aggregation uses the printed source calendar date,contains_provisional,24,18,100.0,True,15.0,True,assessed_contextual_reference,True,https://uk-air.defra.gov.uk/datastore/data_files/site_data/NOTB_2026.csv?v=1
2026-07-17,East Midlands,NOTK,UKA01048,Nottingham Kenmore Gardens,Urban Background,52.959441,-1.13865,PM2.5,19.904,24,0,24,0,0,1,GMT hour ending; daily aggregation uses the printed source calendar date,contains_provisional,24,18,100.0,True,15.0,True,assessed_contextual_reference,True,https://uk-air.defra.gov.uk/datastore/data_files/site_data/NOTK_2026.csv?v=1
2026-07-17,East Midlands,NTN4,UKA00632,Northampton Spring Park,Urban Background,52.272257,-0.916605,PM2.5,16.417,24,0,24,0,0,1,GMT hour ending; daily aggregation uses the printed source calendar date,contains_provisional,24,18,100.0,True,15.0,True,assessed_contextual_reference,True,https://uk-air.defra.gov.uk/datastore/data_files/site_data/NTN4_2026.csv?v=1
2026-07-17,East Midlands,NWBV,UKA00618,Nottingham Western Boulevard,Urban Traffic,52.969377,-1.188851,PM2.5,18.838,24,0,24,0,0,1,GMT hour ending; daily aggregation uses the printed source calendar date,contains_provisional,24,18,100.0,True,15.0,True,assessed_contextual_reference,True,https://uk-air.defra.gov.uk/datastore/data_files/site_data/NWBV_2026.csv?v=1
2026-07-17,East of England,CAMK,UKA01115,Cambridge King's Hedges,Urban Background,52.230135,0.139191,PM2.5,17.183,24,0,24,0,0,1,GMT hour ending; daily aggregation uses the printed source calendar date,contains_provisional,24,18,100.0,True,15.0,True,assessed_contextual_reference,True,https://uk-air.defra.gov.uk/datastore/data_files/site_data/CAMK_2026.csv?v=1
2026-07-17,East of England,LUTR,UKA00605,Luton A505 Roadside,Urban Traffic,51.892293,-0.46211,PM2.5,17.229,24,0,24,0,0,1,GMT hour ending; daily aggregation uses the printed source calendar date,contains_provisional,24,18,100.0,True,15.0,True,assessed_contextual_reference,True,https://uk-air.defra.gov.uk/datastore/data_files/site_data/LUTR_2026.csv?v=1
2026-07-17,East of England,NO12,UKA00549,Norwich Lakenfields,Urban Background,52.614823,1.302686,PM2.5,13.567,24,0,24,0,0,1,GMT hour ending; daily aggregation uses the printed source calendar date,contains_provisional,24,18,100.0,True,15.0,False,assessed_contextual_reference,True,https://uk-air.defra.gov.uk/datastore/data_files/site_data/NO12_2026.csv?v=1
2026-07-17,East of England,PEGE,UKA01052,Peterborough Garton End,Urban Background,52.594012,-0.248945,PM2.5,16.446,24,0,24,0,0,1,GMT hour ending; daily aggregation uses the printed source calendar date,contains_provisional,24,18,100.0,True,15.0,True,assessed_contextual_reference,True,https://uk-air.defra.gov.uk/datastore/data_files/site_data/PEGE_2026.csv?v=1
2026-07-17,East of England,SEND,UKA00409,Southend-on-Sea,Urban Background,51.544166,0.678331,PM2.5,14.416,24,0,24,0,0,1,GMT hour ending; daily aggregation uses the printed source calendar date,contains_provisional,24,18,100.0,True,15.0,False,assessed_contextual_reference,True,https://uk-air.defra.gov.uk/datastore/data_files/site_data/SEND_2026.csv?v=1
2026-07-17,East of England,SOUS,UKA01096,Southend Shoeburyness,Urban Background,51.537836,0.792578,PM2.5,13.246,24,0,24,0,0,1,GMT hour ending; daily aggregation uses the printed source calendar date,contains_provisional,24,18,100.0,True,15.0,False,assessed_contextual_reference,True,https://uk-air.defra.gov.uk/datastore/data_files/site_data/SOUS_2026.csv?v=1
2026-07-17,East of England,STGW,UKA01156,Stevenage St Georges Way South,Urban Traffic,51.903112,-0.19937,PM2.5,16.561,24,0,24,0,0,1,GMT hour ending; daily aggregation uses the printed source calendar date,contains_provisional,24,18,100.0,True,15.0,True,assessed_contextual_reference,True,https://uk-air.defra.gov.uk/datastore/data_files/site_data/STGW_2026.csv?v=1
2026-07-17,London,CLL2,UKA00211,London Bloomsbury,Urban Background,51.52229,-0.125889,PM2.5,14.196,24,0,24,0,0,1,GMT hour ending; daily aggregation uses the printed source calendar date,contains_provisional,24,18,100.0,True,15.0,False,assessed_contextual_reference,True,https://uk-air.defra.gov.uk/datastore/data_files/site_data/CLL2_2026.csv?v=1
2026-07-17,London,HIL,UKA00266,London Hillingdon,Urban Background,51.49633,-0.460861,PM2.5,15.288,24,0,24,0,0,1,GMT hour ending; daily aggregation uses the printed source calendar date,contains_provisional,24,18,100.0,True,15.0,True,assessed_contextual_reference,True,https://uk-air.defra.gov.uk/datastore/data_files/site_data/HIL_2026.csv?v=1
2026-07-17,London,HORS,UKA00435,London Westminster,Urban Background,51.49467,-0.131931,PM2.5,14.403,24,0,24,0,0,1,GMT hour ending; daily aggregation uses the printed source calendar date,contains_provisional,24,18,100.0,True,15.0,False,assessed_contextual_reference,True,https://uk-air.defra.gov.uk/datastore/data_files/site_data/HORS_2026.csv?v=1
2026-07-17,London,HRL,UKA00472,London Harlington,Urban Industrial,51.48879,-0.441614,PM2.5,13.454,24,0,24,0,0,1,GMT hour ending; daily aggregation uses the printed source calendar date,contains_provisional,24,18,100.0,True,15.0,False,assessed_contextual_reference,True,https://uk-air.defra.gov.uk/datastore/data_files/site_data/HRL_2026.csv?v=1
2026-07-17,London,LONC,UKA01119,London A406 N Circular,Urban Traffic,51.614224,-0.059503,PM2.5,15.881,24,0,24,0,0,1,GMT hour ending; daily aggregation uses the printed source calendar date,contains_provisional,24,18,100.0,True,15.0,True,assessed_contextual_reference,True,https://uk-air.defra.gov.uk/datastore/data_files/site_data/LONC_2026.csv?v=1
2026-07-17,London,LONM,UKA01100,London Norbury Manor School,Urban Background,51.41004,-0.12748,PM2.5,14.106,24,0,24,0,0,1,GMT hour ending; daily aggregation uses the printed source calendar date,contains_provisional,24,18,100.0,True,15.0,False,assessed_contextual_reference,True,https://uk-air.defra.gov.uk/datastore/data_files/site_data/LONM_2026.csv?v=1
2026-07-17,London,TED2,UKA00572,London Teddington Bushy Park,Urban Background,51.425286,-0.345606,PM2.5,13.696,24,0,24,0,0,1,GMT hour ending; daily aggregation uses the printed source calendar date,contains_provisional,24,18,100.0,True,15.0,False,assessed_contextual_reference,True,https://uk-air.defra.gov.uk/datastore/data_files/site_data/TED2_2026.csv?v=1
2026-07-17,North East,ASHC,UKA01118,Ashington Centre,Urban Background,55.182956,-1.567043,PM2.5,13.269,24,0,24,0,0,1,GMT hour ending; daily aggregation uses the printed source calendar date,contains_provisional,24,18,100.0,True,15.0,False,assessed_contextual_reference,True,https://uk-air.defra.gov.uk/datastore/data_files/site_data/ASHC_2026.csv?v=1
2026-07-17,North East,DARF,UKA01155,Darlington Firthmoor,Urban Background,54.516956,-1.534526,PM2.5,15.176,24,0,24,0,0,1,GMT hour ending; daily aggregation uses the printed source calendar date,contains_provisional,24,18,100.0,True,15.0,True,assessed_contextual_reference,True,https://uk-air.defra.gov.uk/datastore/data_files/site_data/DARF_2026.csv?v=1
2026-07-17,North East,EAGL,UKA00535,Stockton-on-Tees Eaglescliffe,Urban Traffic,54.516667,-1.358547,PM2.5,14.708,24,0,24,0,0,1,GMT hour ending; daily aggregation uses the printed source calendar date,contains_provisional,24,18,100.0,True,15.0,False,assessed_contextual_reference,True,https://uk-air.defra.gov.uk/datastore/data_files/site_data/EAGL_2026.csv?v=1
2026-07-17,North East,HSAW,UKA00645,Hartlepool St Abbs Walk,Urban Background,54.683242,-1.203838,PM2.5,15.545,24,0,24,0,0,1,GMT hour ending; daily aggregation uses the printed source calendar date,contains_provisional,24,18,100.0,True,15.0,True,assessed_contextual_reference,True,https://uk-air.defra.gov.uk/datastore/data_files/site_data/HSAW_2026.csv?v=1
2026-07-17,North East,MID,UKA00220,Middlesbrough,Urban Background,54.569297,-1.220874,PM2.5,14.0,24,0,24,0,0,1,GMT hour ending; daily aggregation uses the printed source calendar date,contains_provisional,24,18,100.0,True,15.0,False,assessed_contextual_reference,True,https://uk-air.defra.gov.uk/datastore/data_files/site_data/MID_2026.csv?v=1
2026-07-17,North East,NEWC,UKA00213,Newcastle Centre,Urban Background,54.97825,-1.610528,PM2.5,14.917,24,0,24,0,0,1,GMT hour ending; daily aggregation uses the printed source calendar date,contains_provisional,24,18,100.0,True,15.0,False,assessed_contextual_reference,True,https://uk-air.defra.gov.uk/datastore/data_files/site_data/NEWC_2026.csv?v=1
2026-07-17,North East,NOSC,UKA01159,North Shields Chirton,Urban Background,55.010756,-1.475944,PM2.5,13.837,24,0,24,0,0,1,GMT hour ending; daily aggregation uses the printed source calendar date,contains_provisional,24,18,100.0,True,15.0,False,assessed_contextual_reference,True,https://uk-air.defra.gov.uk/datastore/data_files/site_data/NOSC_2026.csv?v=1
2026-07-17,North East,REMW,UKA01154,Redcar Milford Walk,Urban Background,54.600476,-1.077845,PM2.5,15.598,24,0,24,0,0,1,GMT hour ending; daily aggregation uses the printed source calendar date,contains_provisional,24,18,100.0,True,15.0,True,assessed_contextual_reference,True,https://uk-air.defra.gov.uk/datastore/data_files/site_data/REMW_2026.csv?v=1
2026-07-17,North East,SOTR,UKA00599,Stockton-on-Tees A1305 Roadside,Urban Traffic,54.565819,-1.3159,PM2.5,16.0,24,0,24,0,0,1,GMT hour ending; daily aggregation uses the printed source calendar date,contains_provisional,24,18,100.0,True,15.0,True,assessed_contextual_reference,True,https://uk-air.defra.gov.uk/datastore/data_files/site_data/SOTR_2026.csv?v=1
2026-07-17,North East,SUN2,UKA00484,Sunderland Silksworth,Urban Background,54.88361,-1.406878,PM2.5,15.133,24,0,24,0,0,1,GMT hour ending; daily aggregation uses the printed source calendar date,contains_provisional,24,18,100.0,True,15.0,True,assessed_contextual_reference,True,https://uk-air.defra.gov.uk/datastore/data_files/site_data/SUN2_2026.csv?v=1
2026-07-17,North East,SUNR,UKA00601,Sunderland Wessington Way,Urban Traffic,54.91839,-1.408391,PM2.5,13.453,24,0,24,0,0,1,GMT hour ending; daily aggregation uses the printed source calendar date,contains_provisional,24,18,100.0,True,15.0,False,assessed_contextual_reference,True,https://uk-air.defra.gov.uk/datastore/data_files/site_data/SUNR_2026.csv?v=1
2026-07-17,North West,BBRD,UKA00625,Birkenhead Borough Road,Urban Traffic,53.388624,-3.024942,PM2.5,18.319,24,0,24,0,0,1,GMT hour ending; daily aggregation uses the printed source calendar date,contains_provisional,24,18,100.0,True,15.0,True,assessed_contextual_reference,True,https://uk-air.defra.gov.uk/datastore/data_files/site_data/BBRD_2026.csv?v=1
2026-07-17,North West,BLAP,UKA01025,Blackburn Audley Park,Urban Background,53.74673,-2.467873,PM2.5,17.36,24,0,24,0,0,1,GMT hour ending; daily aggregation uses the printed source calendar date,contains_provisional,24,18,100.0,True,15.0,True,assessed_contextual_reference,True,https://uk-air.defra.gov.uk/datastore/data_files/site_data/BLAP_2026.csv?v=1
2026-07-17,North West,BLC2,UKA00488,Blackpool Marton,Urban Background,53.80489,-3.007175,PM2.5,18.532,24,0,24,0,0,1,GMT hour ending; daily aggregation uses the printed source calendar date,contains_provisional,24,18,100.0,True,15.0,True,assessed_contextual_reference,True,https://uk-air.defra.gov.uk/datastore/data_files/site_data/BLC2_2026.csv?v=1
2026-07-17,North West,BLWD,UKA01049,Blackpool Whitegate Drive,Urban Traffic,53.810975,-3.033232,PM2.5,18.347,24,0,24,0,0,1,GMT hour ending; daily aggregation uses the printed source calendar date,contains_provisional,24,18,100.0,True,15.0,True,assessed_contextual_reference,True,https://uk-air.defra.gov.uk/datastore/data_files/site_data/BLWD_2026.csv?v=1
2026-07-17,North West,CARM,UKA00932,Carlisle Morton A595,Urban Traffic,54.885823,-2.964955,PM2.5,14.708,24,0,24,0,0,1,GMT hour ending; daily aggregation uses the printed source calendar date,contains_provisional,24,18,100.0,True,15.0,False,assessed_contextual_reference,True,https://uk-air.defra.gov.uk/datastore/data_files/site_data/CARM_2026.csv?v=1
2026-07-17,North West,COPP,UKA00659,Crewe Coppenhall,Urban Background,53.115941,-2.453492,PM2.5,19.438,24,0,24,0,0,1,GMT hour ending; daily aggregation uses the printed source calendar date,contains_provisional,24,18,100.0,True,15.0,True,assessed_contextual_reference,True,https://uk-air.defra.gov.uk/datastore/data_files/site_data/COPP_2026.csv?v=1
2026-07-17,North West,ECCL,UKA00339,Salford Eccles,Urban Background,53.48481,-2.334139,PM2.5,20.62,24,0,24,0,0,1,GMT hour ending; daily aggregation uses the printed source calendar date,contains_provisional,24,18,100.0,True,15.0,True,assessed_contextual_reference,True,https://uk-air.defra.gov.uk/datastore/data_files/site_data/ECCL_2026.csv?v=1
2026-07-17,North West,LVP,UKA00247,Liverpool Speke,Urban Industrial,53.34633,-2.844333,PM2.5,17.75,24,0,24,0,0,1,GMT hour ending; daily aggregation uses the printed source calendar date,contains_provisional,24,18,100.0,True,15.0,True,assessed_contextual_reference,True,https://uk-air.defra.gov.uk/datastore/data_files/site_data/LVP_2026.csv?v=1
2026-07-17,North West,LVPT,UKA01095,Liverpool Thirlmere Park,Urban Background,53.424225,-2.960989,PM2.5,18.362,24,0,24,0,0,1,GMT hour ending; daily aggregation uses the printed source calendar date,contains_provisional,24,18,100.0,True,15.0,True,assessed_contextual_reference,True,https://uk-air.defra.gov.uk/datastore/data_files/site_data/LVPT_2026.csv?v=1
2026-07-17,North West,MAHG,UKA00617,Manchester Sharston,Suburban Industrial,53.371722,-2.238917,PM2.5,20.872,24,0,24,0,0,1,GMT hour ending; daily aggregation uses the printed source calendar date,contains_provisional,24,18,100.0,True,15.0,True,assessed_contextual_reference,True,https://uk-air.defra.gov.uk/datastore/data_files/site_data/MAHG_2026.csv?v=1
2026-07-17,North West,MAN3,UKA00248,Manchester Piccadilly,Urban Background,53.48152,-2.237881,PM2.5,24.171,24,0,24,0,0,1,GMT hour ending; daily aggregation uses the printed source calendar date,contains_provisional,24,18,100.0,True,15.0,True,assessed_contextual_reference,True,https://uk-air.defra.gov.uk/datastore/data_files/site_data/MAN3_2026.csv?v=1
2026-07-17,North West,MIMW,UKA01051,Middlewich St Michael's Way,Urban Traffic,53.194019,-2.447951,PM2.5,20.342,24,0,24,0,0,1,GMT hour ending; daily aggregation uses the printed source calendar date,contains_provisional,24,18,100.0,True,15.0,True,assessed_contextual_reference,True,https://uk-air.defra.gov.uk/datastore/data_files/site_data/MIMW_2026.csv?v=1
2026-07-17,North West,PRES,UKA00408,Preston,Urban Background,53.76559,-2.680353,PM2.5,17.67,24,0,24,0,0,1,GMT hour ending; daily aggregation uses the printed source calendar date,contains_provisional,24,18,100.0,True,15.0,True,assessed_contextual_reference,True,https://uk-air.defra.gov.uk/datastore/data_files/site_data/PRES_2026.csv?v=1
2026-07-17,North West,ROCB,UKA01174,Rochdale Belfield,Urban Background,53.621603,-2.146989,PM2.5,19.188,23,0,23,0,0,1,GMT hour ending; daily aggregation uses the printed source calendar date,contains_provisional,24,18,95.8,True,15.0,True,assessed_contextual_reference,True,https://uk-air.defra.gov.uk/datastore/data_files/site_data/ROCB_2026.csv?v=1
2026-07-17,North West,TAMM,UKA01099,Tameside A635 Manchester Road,Urban Traffic,53.482437,-2.113912,PM2.5,14.538,13,0,13,0,0,1,GMT hour ending; daily aggregation uses the printed source calendar date,contains_provisional,24,18,54.2,False,15.0,,not_assessed_insufficient_daily_coverage,True,https://uk-air.defra.gov.uk/datastore/data_files/site_data/TAMM_2026.csv?v=1
2026-07-17,North West,TRAN,UKA00406,Wirral Tranmere,Urban Background,53.37287,-3.022722,PM2.5,16.202,24,0,24,0,0,1,GMT hour ending; daily aggregation uses the printed source calendar date,contains_provisional,24,18,100.0,True,15.0,True,assessed_contextual_reference,True,https://uk-air.defra.gov.uk/datastore/data_files/site_data/TRAN_2026.csv?v=1
2026-07-17,North West,WAR,UKA00538,Warrington,Urban Background,53.389225,-2.615593,PM2.5,14.542,24,0,24,0,0,1,GMT hour ending; daily aggregation uses the printed source calendar date,contains_provisional,24,18,100.0,True,15.0,False,assessed_contextual_reference,True,https://uk-air.defra.gov.uk/datastore/data_files/site_data/WAR_2026.csv?v=1
2026-07-17,North West,WIG5,UKA00482,Wigan Centre,Urban Background,53.54914,-2.638139,PM2.5,21.264,24,0,24,0,0,1,GMT hour ending; daily aggregation uses the printed source calendar date,contains_provisional,24,18,100.0,True,15.0,True,assessed_contextual_reference,True,https://uk-air.defra.gov.uk/datastore/data_files/site_data/WIG5_2026.csv?v=1
2026-07-17,South East,AYLA,UKA01109,Aylesbury A4157,Urban Traffic,51.822161,-0.793884,PM2.5,14.766,24,0,24,0,0,1,GMT hour ending; daily aggregation uses the printed source calendar date,contains_provisional,24,18,100.0,True,15.0,False,assessed_contextual_reference,True,https://uk-air.defra.gov.uk/datastore/data_files/site_data/AYLA_2026.csv?v=1
2026-07-17,South East,BRT3,UKA00483,Brighton Preston Park,Urban Background,50.840836,-0.147572,PM2.5,11.817,24,0,24,0,0,1,GMT hour ending; daily aggregation uses the printed source calendar date,contains_provisional,24,18,100.0,True,15.0,False,assessed_contextual_reference,True,https://uk-air.defra.gov.uk/datastore/data_files/site_data/BRT3_2026.csv?v=1
2026-07-17,South East,CHAT,UKA00553,Chatham Roadside,Urban Traffic,51.374264,0.54797,PM2.5,12.083,24,0,24,0,0,1,GMT hour ending; daily aggregation uses the printed source calendar date,contains_provisional,24,18,100.0,True,15.0,False,assessed_contextual_reference,True,https://uk-air.defra.gov.uk/datastore/data_files/site_data/CHAT_2026.csv?v=1
2026-07-17,South East,EB,UKA00546,Eastbourne,Urban Background,50.805778,0.271611,PM2.5,11.53,24,0,24,0,0,1,GMT hour ending; daily aggregation uses the printed source calendar date,contains_provisional,24,18,100.0,True,15.0,False,assessed_contextual_reference,True,https://uk-air.defra.gov.uk/datastore/data_files/site_data/EB_2026.csv?v=1
2026-07-17,South East,FARC,UKA01097,Farnborough Cherrywood,Urban Background,51.307583,-0.764982,PM2.5,14.813,24,0,24,0,0,1,GMT hour ending; daily aggregation uses the printed source calendar date,contains_provisional,24,18,100.0,True,15.0,False,assessed_contextual_reference,True,https://uk-air.defra.gov.uk/datastore/data_files/site_data/FARC_2026.csv?v=1
2026-07-17,South East,MAID,UKA01064,Maidstone Upper Stone Street,Urban Traffic,51.268519,0.526348,PM2.5,19.8,24,0,24,0,0,1,GMT hour ending; daily aggregation uses the printed source calendar date,contains_provisional,24,18,100.0,True,15.0,True,assessed_contextual_reference,True,https://uk-air.defra.gov.uk/datastore/data_files/site_data/MAID_2026.csv?v=1
2026-07-17,South East,MKCC,UKA00963,Milton Keynes Civic Centre,Urban Background,52.044076,-0.761013,PM2.5,16.326,24,0,24,0,0,1,GMT hour ending; daily aggregation uses the printed source calendar date,contains_provisional,24,18,100.0,True,15.0,True,assessed_contextual_reference,True,https://uk-air.defra.gov.uk/datastore/data_files/site_data/MKCC_2026.csv?v=1
2026-07-17,South East,OX8,UKA00518,Oxford St Ebbes,Urban Background,51.744806,-1.260278,PM2.5,15.468,24,0,24,0,0,1,GMT hour ending; daily aggregation uses the printed source calendar date,contains_provisional,24,18,100.0,True,15.0,True,assessed_contextual_reference,True,https://uk-air.defra.gov.uk/datastore/data_files/site_data/OX8_2026.csv?v=1
2026-07-17,South East,PMTH,UKA00421,Portsmouth,Urban Background,50.82881,-1.068583,PM2.5,10.941,24,0,24,0,0,1,GMT hour ending; daily aggregation uses the printed source calendar date,contains_provisional,24,18,100.0,True,15.0,False,assessed_contextual_reference,True,https://uk-air.defra.gov.uk/datastore/data_files/site_data/PMTH_2026.csv?v=1
2026-07-17,South East,POAR,UKA00651,Portsmouth Anglesea Road,Urban Traffic,50.798339,-1.095558,PM2.5,10.692,24,0,24,0,0,1,GMT hour ending; daily aggregation uses the printed source calendar date,contains_provisional,24,18,100.0,True,15.0,False,assessed_contextual_reference,True,https://uk-air.defra.gov.uk/datastore/data_files/site_data/POAR_2026.csv?v=1
2026-07-17,South East,REA1,UKA00462,Reading New Town,Urban Background,51.45309,-0.944067,PM2.5,14.397,24,0,24,0,0,1,GMT hour ending; daily aggregation uses the printed source calendar date,contains_provisional,24,18,100.0,True,15.0,False,assessed_contextual_reference,True,https://uk-air.defra.gov.uk/datastore/data_files/site_data/REA1_2026.csv?v=1
2026-07-17,South East,RRKL,UKA01053,Reading Rose Kiln Lane,Urban Traffic,51.4459,-0.976081,PM2.5,14.447,24,0,24,0,0,1,GMT hour ending; daily aggregation uses the printed source calendar date,contains_provisional,24,18,100.0,True,15.0,False,assessed_contextual_reference,True,https://uk-air.defra.gov.uk/datastore/data_files/site_data/RRKL_2026.csv?v=1
2026-07-17,South East,SA33,UKA00613,Southampton A33,Urban Traffic,50.920265,-1.463484,PM2.5,11.367,24,0,24,0,0,1,GMT hour ending; daily aggregation uses the printed source calendar date,contains_provisional,24,18,100.0,True,15.0,False,assessed_contextual_reference,True,https://uk-air.defra.gov.uk/datastore/data_files/site_data/SA33_2026.csv?v=1
2026-07-17,South East,SLOW,UKA01091,Slough Windmill Bath Road,Urban Traffic,51.51223,-0.610392,PM2.5,15.872,24,0,24,0,0,1,GMT hour ending; daily aggregation uses the printed source calendar date,contains_provisional,24,18,100.0,True,15.0,True,assessed_contextual_reference,True,https://uk-air.defra.gov.uk/datastore/data_files/site_data/SLOW_2026.csv?v=1
2026-07-17,South East,SOUT,UKA00235,Southampton Centre,Urban Background,50.908173,-1.395757,PM2.5,12.531,24,0,24,0,0,1,GMT hour ending; daily aggregation uses the printed source calendar date,contains_provisional,24,18,100.0,True,15.0,False,assessed_contextual_reference,True,https://uk-air.defra.gov.uk/datastore/data_files/site_data/SOUT_2026.csv?v=1
2026-07-17,South East,STOR,UKA00548,Storrington Roadside,Urban Traffic,50.916932,-0.449548,PM2.5,11.12,24,0,24,0,0,1,GMT hour ending; daily aggregation uses the printed source calendar date,contains_provisional,24,18,100.0,True,15.0,False,assessed_contextual_reference,True,https://uk-air.defra.gov.uk/datastore/data_files/site_data/STOR_2026.csv?v=1
2026-07-17,South East,WOEA,UKA01061,Worthing East Ten Acres,Urban Background,50.817286,-0.353272,PM2.5,12.424,24,0,24,0,0,1,GMT hour ending; daily aggregation uses the printed source calendar date,contains_provisional,24,18,100.0,True,15.0,False,assessed_contextual_reference,True,https://uk-air.defra.gov.uk/datastore/data_files/site_data/WOEA_2026.csv?v=1
2026-07-17,South East,WTHG,UKA00628,Worthing A27 Roadside,Urban Traffic,50.832947,-0.379916,PM2.5,11.792,24,0,24,0,0,1,GMT hour ending; daily aggregation uses the printed source calendar date,contains_provisional,24,18,100.0,True,15.0,False,assessed_contextual_reference,True,https://uk-air.defra.gov.uk/datastore/data_files/site_data/WTHG_2026.csv?v=1
2026-07-17,South West,BOBV,UKA01160,Bournemouth Bourne Valley,Urban Background,50.740961,-1.927742,PM2.5,11.15,24,0,24,0,0,1,GMT hour ending; daily aggregation uses the printed source calendar date,contains_provisional,24,18,100.0,True,15.0,False,assessed_contextual_reference,True,https://uk-air.defra.gov.uk/datastore/data_files/site_data/BOBV_2026.csv?v=1
2026-07-17,South West,BORN,UKA00429,Bournemouth,Urban Background,50.73957,-1.826744,PM2.5,10.383,24,0,24,0,0,1,GMT hour ending; daily aggregation uses the printed source calendar date,contains_provisional,24,18,100.0,True,15.0,False,assessed_contextual_reference,True,https://uk-air.defra.gov.uk/datastore/data_files/site_data/BORN_2026.csv?v=1
2026-07-17,South West,BPLE,UKA00574,Barnstaple A39,Urban Traffic,51.074793,-4.041924,PM2.5,13.469,24,0,24,0,0,1,GMT hour ending; daily aggregation uses the printed source calendar date,contains_provisional,24,18,100.0,True,15.0,False,assessed_contextual_reference,True,https://uk-air.defra.gov.uk/datastore/data_files/site_data/BPLE_2026.csv?v=1
2026-07-17,South West,BR11,UKA00631,Bristol Temple Way,Urban Traffic,51.457968,-2.583975,PM2.5,13.918,24,0,24,0,0,1,GMT hour ending; daily aggregation uses the printed source calendar date,contains_provisional,24,18,100.0,True,15.0,False,assessed_contextual_reference,True,https://uk-air.defra.gov.uk/datastore/data_files/site_data/BR11_2026.csv?v=1
2026-07-17,South West,BRIW,UKA01120,Bridgwater A372 Westonzoyland,Urban Traffic,51.125113,-2.984988,PM2.5,14.398,24,0,24,0,0,1,GMT hour ending; daily aggregation uses the printed source calendar date,contains_provisional,24,18,100.0,True,15.0,False,assessed_contextual_reference,True,https://uk-air.defra.gov.uk/datastore/data_files/site_data/BRIW_2026.csv?v=1
2026-07-17,South West,BRS8,UKA00494,Bristol St Paul's,Urban Background,51.462839,-2.584482,PM2.5,15.5,14,0,14,0,0,1,GMT hour ending; daily aggregation uses the printed source calendar date,contains_provisional,24,18,58.3,False,15.0,,not_assessed_insufficient_daily_coverage,True,https://uk-air.defra.gov.uk/datastore/data_files/site_data/BRS8_2026.csv?v=1
2026-07-17,South West,BRSP,UKA01116,Bristol Patchway,Urban Background,51.529672,-2.58642,PM2.5,13.218,24,0,24,0,0,1,GMT hour ending; daily aggregation uses the printed source calendar date,contains_provisional,24,18,100.0,True,15.0,False,assessed_contextual_reference,True,https://uk-air.defra.gov.uk/datastore/data_files/site_data/BRSP_2026.csv?v=1
2026-07-17,South West,CHBR,UKA00624,Christchurch Barrack Road,Urban Traffic,50.735454,-1.780888,PM2.5,11.583,24,0,24,0,0,1,GMT hour ending; daily aggregation uses the printed source calendar date,contains_provisional,24,18,100.0,True,15.0,False,assessed_contextual_reference,True,https://uk-air.defra.gov.uk/datastore/data_files/site_data/CHBR_2026.csv?v=1
2026-07-17,South West,CHGR,UKA01101,Cheltenham A40 Gloucester Road,Urban Traffic,51.896592,-2.113747,PM2.5,15.783,24,0,24,0,0,1,GMT hour ending; daily aggregation uses the printed source calendar date,contains_provisional,24,18,100.0,True,15.0,True,assessed_contextual_reference,True,https://uk-air.defra.gov.uk/datastore/data_files/site_data/CHGR_2026.csv?v=1
2026-07-17,South West,GLOT,UKA01102,Gloucester Tredworth,Urban Background,51.849673,-2.234996,PM2.5,16.356,24,0,24,0,0,1,GMT hour ending; daily aggregation uses the printed source calendar date,contains_provisional,24,18,100.0,True,15.0,True,assessed_contextual_reference,True,https://uk-air.defra.gov.uk/datastore/data_files/site_data/GLOT_2026.csv?v=1
2026-07-17,South West,HONI,UKA00566,Honiton,Urban Background,50.792287,-3.196702,PM2.5,12.025,24,0,24,0,0,1,GMT hour ending; daily aggregation uses the printed source calendar date,contains_provisional,24,18,100.0,True,15.0,False,assessed_contextual_reference,True,https://uk-air.defra.gov.uk/datastore/data_files/site_data/HONI_2026.csv?v=1
2026-07-17,South West,PLYM,UKA00360,Plymouth Centre,Urban Background,50.37167,-4.142361,PM2.5,13.296,24,0,24,0,0,1,GMT hour ending; daily aggregation uses the printed source calendar date,contains_provisional,24,18,100.0,True,15.0,False,assessed_contextual_reference,True,https://uk-air.defra.gov.uk/datastore/data_files/site_data/PLYM_2026.csv?v=1
2026-07-17,South West,SASH,UKA00569,Saltash Callington Road,Urban Traffic,50.411463,-4.227678,PM2.5,12.0,24,0,24,0,0,1,GMT hour ending; daily aggregation uses the printed source calendar date,contains_provisional,24,18,100.0,True,15.0,False,assessed_contextual_reference,True,https://uk-air.defra.gov.uk/datastore/data_files/site_data/SASH_2026.csv?v=1
2026-07-17,South West,SWHO,UKA00650,Swindon Walcot,Urban Background,51.558061,-1.765678,PM2.5,14.556,24,0,24,0,0,1,GMT hour ending; daily aggregation uses the printed source calendar date,contains_provisional,24,18,100.0,True,15.0,False,assessed_contextual_reference,True,https://uk-air.defra.gov.uk/datastore/data_files/site_data/SWHO_2026.csv?v=1
2026-07-17,West Midlands,BAQF,UKA01108,Birmingham University,Urban Background,52.455515,-1.928937,PM2.5,18.811,24,0,24,0,0,1,GMT hour ending; daily aggregation uses the printed source calendar date,contains_provisional,24,18,100.0,True,15.0,True,assessed_contextual_reference,True,https://uk-air.defra.gov.uk/datastore/data_files/site_data/BAQF_2026.csv?v=1
2026-07-17,West Midlands,BEDC,UKA01158,Bedworth Collycroft,Urban Background,52.485839,-1.479622,PM2.5,19.796,24,0,24,0,0,1,GMT hour ending; daily aggregation uses the printed source calendar date,contains_provisional,24,18,100.0,True,15.0,True,assessed_contextual_reference,True,https://uk-air.defra.gov.uk/datastore/data_files/site_data/BEDC_2026.csv?v=1
2026-07-17,West Midlands,BIHG,UKA01062,Birmingham Hall Green,Urban Background,52.437553,-1.830956,PM2.5,18.715,24,0,24,0,0,1,GMT hour ending; daily aggregation uses the printed source calendar date,contains_provisional,24,18,100.0,True,15.0,True,assessed_contextual_reference,True,https://uk-air.defra.gov.uk/datastore/data_files/site_data/BIHG_2026.csv?v=1
2026-07-17,West Midlands,BIRR,UKA00626,Birmingham A4540 Roadside,Urban Traffic,52.476145,-1.874978,PM2.5,18.661,24,0,24,0,0,1,GMT hour ending; daily aggregation uses the printed source calendar date,contains_provisional,24,18,100.0,True,15.0,True,assessed_contextual_reference,True,https://uk-air.defra.gov.uk/datastore/data_files/site_data/BIRR_2026.csv?v=1
2026-07-17,West Midlands,BMLD,UKA00655,Birmingham Ladywood,Urban Background,52.481346,-1.918235,PM2.5,17.963,24,0,24,0,0,1,GMT hour ending; daily aggregation uses the printed source calendar date,contains_provisional,24,18,100.0,True,15.0,True,assessed_contextual_reference,True,https://uk-air.defra.gov.uk/datastore/data_files/site_data/BMLD_2026.csv?v=1
2026-07-17,West Midlands,BOLD,UKA00595,Oldbury Birmingham Road,Urban Traffic,52.502436,-2.003497,PM2.5,18.848,24,0,24,0,0,1,GMT hour ending; daily aggregation uses the printed source calendar date,contains_provisional,24,18,100.0,True,15.0,True,assessed_contextual_reference,True,https://uk-air.defra.gov.uk/datastore/data_files/site_data/BOLD_2026.csv?v=1
2026-07-17,West Midlands,BOTR,UKA00652,Burton-on-Trent Horninglow,Urban Background,52.82105,-1.635718,PM2.5,17.365,24,0,24,0,0,1,GMT hour ending; daily aggregation uses the printed source calendar date,contains_provisional,24,18,100.0,True,15.0,True,assessed_contextual_reference,True,https://uk-air.defra.gov.uk/datastore/data_files/site_data/BOTR_2026.csv?v=1
2026-07-17,West Midlands,CANK,UKA00623,Cannock A5190 Roadside,Urban Traffic,52.687298,-1.980821,PM2.5,19.687,24,0,24,0,0,1,GMT hour ending; daily aggregation uses the printed source calendar date,contains_provisional,24,18,100.0,True,15.0,True,assessed_contextual_reference,True,https://uk-air.defra.gov.uk/datastore/data_files/site_data/CANK_2026.csv?v=1
2026-07-17,West Midlands,COAL,UKA00592,Coventry Allesley,Urban Background,52.411628,-1.560189,PM2.5,17.598,24,0,24,0,0,1,GMT hour ending; daily aggregation uses the printed source calendar date,contains_provisional,24,18,100.0,True,15.0,True,assessed_contextual_reference,True,https://uk-air.defra.gov.uk/datastore/data_files/site_data/COAL_2026.csv?v=1
2026-07-17,West Midlands,COBR,UKA00634,Coventry Binley Road,Urban Traffic,52.407708,-1.490082,PM2.5,17.163,24,0,24,0,0,1,GMT hour ending; daily aggregation uses the printed source calendar date,contains_provisional,24,18,100.0,True,15.0,True,assessed_contextual_reference,True,https://uk-air.defra.gov.uk/datastore/data_files/site_data/COBR_2026.csv?v=1
2026-07-17,West Midlands,LEAM,UKA00265,Leamington Spa,Urban Background,52.28881,-1.533119,PM2.5,17.327,24,0,24,0,0,1,GMT hour ending; daily aggregation uses the printed source calendar date,contains_provisional,24,18,100.0,True,15.0,True,assessed_contextual_reference,True,https://uk-air.defra.gov.uk/datastore/data_files/site_data/LEAM_2026.csv?v=1
2026-07-17,West Midlands,LEAR,UKA00564,Leamington Spa Rugby Road,Urban Traffic,52.294884,-1.542911,PM2.5,17.555,24,0,24,0,0,1,GMT hour ending; daily aggregation uses the printed source calendar date,contains_provisional,24,18,100.0,True,15.0,True,assessed_contextual_reference,True,https://uk-air.defra.gov.uk/datastore/data_files/site_data/LEAR_2026.csv?v=1
2026-07-17,West Midlands,SHUN,UKA01055,Shrewsbury Underdale,Urban Background,52.715083,-2.726833,PM2.5,16.401,24,0,24,0,0,1,GMT hour ending; daily aggregation uses the printed source calendar date,contains_provisional,24,18,100.0,True,15.0,True,assessed_contextual_reference,True,https://uk-air.defra.gov.uk/datastore/data_files/site_data/SHUN_2026.csv?v=1
2026-07-17,West Midlands,STKR,UKA00610,Stoke-on-Trent A50 Roadside,Urban Traffic,52.980436,-2.111898,PM2.5,21.636,24,0,24,0,0,1,GMT hour ending; daily aggregation uses the printed source calendar date,contains_provisional,24,18,100.0,True,15.0,True,assessed_contextual_reference,True,https://uk-air.defra.gov.uk/datastore/data_files/site_data/STKR_2026.csv?v=1
2026-07-17,West Midlands,STOK,UKA00337,Stoke-on-Trent Centre,Urban Background,53.02821,-2.175133,PM2.5,20.421,24,0,24,0,0,1,GMT hour ending; daily aggregation uses the printed source calendar date,contains_provisional,24,18,100.0,True,15.0,True,assessed_contextual_reference,True,https://uk-air.defra.gov.uk/datastore/data_files/site_data/STOK_2026.csv?v=1
2026-07-17,West Midlands,TDHD,UKA00648,Telford Hollinswood,Urban Background,52.673471,-2.436692,PM2.5,16.614,24,0,24,0,0,1,GMT hour ending; daily aggregation uses the printed source calendar date,contains_provisional,24,18,100.0,True,15.0,True,assessed_contextual_reference,True,https://uk-air.defra.gov.uk/datastore/data_files/site_data/TDHD_2026.csv?v=1
2026-07-17,West Midlands,WALD,UKA01117,Walsall Caldmore,Urban Background,52.574031,-1.983799,PM2.5,19.097,24,0,24,0,0,1,GMT hour ending; daily aggregation uses the printed source calendar date,contains_provisional,24,18,100.0,True,15.0,True,assessed_contextual_reference,True,https://uk-air.defra.gov.uk/datastore/data_files/site_data/WALD_2026.csv?v=1
2026-07-17,West Midlands,WOLE,UKA01162,Wolverhampton East Park,Urban Background,52.587571,-2.095736,PM2.5,18.811,24,0,24,0,0,1,GMT hour ending; daily aggregation uses the printed source calendar date,contains_provisional,24,18,100.0,True,15.0,True,assessed_contextual_reference,True,https://uk-air.defra.gov.uk/datastore/data_files/site_data/WOLE_2026.csv?v=1
2026-07-17,West Midlands,WORT,UKA01098,Worcester Tolladine,Urban Background,52.209364,-2.180563,PM2.5,16.062,24,0,24,0,0,1,GMT hour ending; daily aggregation uses the printed source calendar date,contains_provisional,24,18,100.0,True,15.0,True,assessed_contextual_reference,True,https://uk-air.defra.gov.uk/datastore/data_files/site_data/WORT_2026.csv?v=1
2026-07-17,Yorkshire and the Humber,BAR3,UKA00353,Barnsley Gawber,Urban Background,53.56292,-1.510436,PM2.5,18.162,24,0,24,0,0,1,GMT hour ending; daily aggregation uses the printed source calendar date,contains_provisional,24,18,100.0,True,15.0,True,assessed_contextual_reference,True,https://uk-air.defra.gov.uk/datastore/data_files/site_data/BAR3_2026.csv?v=1
2026-07-17,Yorkshire and the Humber,BRAS,UKA01090,Bradford Shipley Airedale Road,Urban Traffic,53.795169,-1.743742,PM2.5,19.152,24,0,24,0,0,1,GMT hour ending; daily aggregation uses the printed source calendar date,contains_provisional,24,18,100.0,True,15.0,True,assessed_contextual_reference,True,https://uk-air.defra.gov.uk/datastore/data_files/site_data/BRAS_2026.csv?v=1
2026-07-17,Yorkshire and the Humber,BRWP,UKA01161,Bradford West Park,Urban Background,53.800617,-1.790806,PM2.5,19.203,24,0,24,0,0,1,GMT hour ending; daily aggregation uses the printed source calendar date,contains_provisional,24,18,100.0,True,15.0,True,assessed_contextual_reference,True,https://uk-air.defra.gov.uk/datastore/data_files/site_data/BRWP_2026.csv?v=1
2026-07-17,Yorkshire and the Humber,DCST,UKA00612,Doncaster A630 Cleveland Street,Urban Traffic,53.518383,-1.13806,PM2.5,19.354,24,0,24,0,0,1,GMT hour ending; daily aggregation uses the printed source calendar date,contains_provisional,24,18,100.0,True,15.0,True,assessed_contextual_reference,True,https://uk-air.defra.gov.uk/datastore/data_files/site_data/DCST_2026.csv?v=1
2026-07-17,Yorkshire and the Humber,DYAG,UKA00654,Dewsbury Ashworth Grange,Urban Background,53.693104,-1.637111,PM2.5,18.385,24,0,24,0,0,1,GMT hour ending; daily aggregation uses the printed source calendar date,contains_provisional,24,18,100.0,True,15.0,True,assessed_contextual_reference,True,https://uk-air.defra.gov.uk/datastore/data_files/site_data/DYAG_2026.csv?v=1
2026-07-17,Yorkshire and the Humber,HARW,UKA01093,Harrogate Woodlands,Urban Background,53.993714,-1.511011,PM2.5,17.513,24,0,24,0,0,1,GMT hour ending; daily aggregation uses the printed source calendar date,contains_provisional,24,18,100.0,True,15.0,True,assessed_contextual_reference,True,https://uk-air.defra.gov.uk/datastore/data_files/site_data/HARW_2026.csv?v=1
2026-07-17,Yorkshire and the Humber,HUL2,UKA00450,Hull Freetown,Urban Background,53.74878,-0.341222,PM2.5,16.944,24,0,24,0,0,1,GMT hour ending; daily aggregation uses the printed source calendar date,contains_provisional,24,18,100.0,True,15.0,True,assessed_contextual_reference,True,https://uk-air.defra.gov.uk/datastore/data_files/site_data/HUL2_2026.csv?v=1
2026-07-17,Yorkshire and the Humber,HULR,UKA00600,Hull Holderness Road,Urban Traffic,53.759013,-0.305678,PM2.5,18.66,24,0,24,0,0,1,GMT hour ending; daily aggregation uses the printed source calendar date,contains_provisional,24,18,100.0,True,15.0,True,assessed_contextual_reference,True,https://uk-air.defra.gov.uk/datastore/data_files/site_data/HULR_2026.csv?v=1
2026-07-17,Yorkshire and the Humber,IMGM,UKA00647,Immingham Woodlands Avenue,Urban Background,53.619241,-0.213324,PM2.5,16.039,24,0,24,0,0,1,GMT hour ending; daily aggregation uses the printed source calendar date,contains_provisional,24,18,100.0,True,15.0,True,assessed_contextual_reference,True,https://uk-air.defra.gov.uk/datastore/data_files/site_data/IMGM_2026.csv?v=1
2026-07-17,Yorkshire and the Humber,LED6,UKA00527,Leeds Headingley Kerbside,Urban Traffic,53.819972,-1.576361,PM2.5,17.542,24,0,24,0,0,1,GMT hour ending; daily aggregation uses the printed source calendar date,contains_provisional,24,18,100.0,True,15.0,True,assessed_contextual_reference,True,https://uk-air.defra.gov.uk/datastore/data_files/site_data/LED6_2026.csv?v=1
2026-07-17,Yorkshire and the Humber,LEED,UKA00222,Leeds Centre,Urban Background,53.80378,-1.546472,PM2.5,18.251,24,0,24,0,0,1,GMT hour ending; daily aggregation uses the printed source calendar date,contains_provisional,24,18,100.0,True,15.0,True,assessed_contextual_reference,True,https://uk-air.defra.gov.uk/datastore/data_files/site_data/LEED_2026.csv?v=1
2026-07-17,Yorkshire and the Humber,ROED,UKA01054,Rotherham East Dene,Urban Background,53.436248,-1.323872,PM2.5,17.982,24,0,24,0,0,1,GMT hour ending; daily aggregation uses the printed source calendar date,contains_provisional,24,18,100.0,True,15.0,True,assessed_contextual_reference,True,https://uk-air.defra.gov.uk/datastore/data_files/site_data/ROED_2026.csv?v=1
2026-07-17,Yorkshire and the Humber,SCN2,UKA00381,Scunthorpe Town,Urban Industrial,53.58634,-0.636811,PM2.5,16.042,24,0,24,0,0,1,GMT hour ending; daily aggregation uses the printed source calendar date,contains_provisional,24,18,100.0,True,15.0,True,assessed_contextual_reference,True,https://uk-air.defra.gov.uk/datastore/data_files/site_data/SCN2_2026.csv?v=1
2026-07-17,Yorkshire and the Humber,SHBR,UKA00622,Sheffield Barnsley Road,Urban Traffic,53.40495,-1.455815,PM2.5,19.875,24,0,24,0,0,1,GMT hour ending; daily aggregation uses the printed source calendar date,contains_provisional,24,18,100.0,True,15.0,True,assessed_contextual_reference,True,https://uk-air.defra.gov.uk/datastore/data_files/site_data/SHBR_2026.csv?v=1
2026-07-17,Yorkshire and the Humber,SHDG,UKA00575,Sheffield Devonshire Green,Urban Background,53.378622,-1.478096,PM2.5,20.805,24,0,24,0,0,1,GMT hour ending; daily aggregation uses the printed source calendar date,contains_provisional,24,18,100.0,True,15.0,True,assessed_contextual_reference,True,https://uk-air.defra.gov.uk/datastore/data_files/site_data/SHDG_2026.csv?v=1
2026-07-17,Yorkshire and the Humber,SHE,UKA00181,Sheffield Tinsley,Urban Background,53.41058,-1.396139,PM2.5,18.228,24,0,24,0,0,1,GMT hour ending; daily aggregation uses the printed source calendar date,contains_provisional,24,18,100.0,True,15.0,True,assessed_contextual_reference,True,https://uk-air.defra.gov.uk/datastore/data_files/site_data/SHE_2026.csv?v=1
2026-07-17,Yorkshire and the Humber,WAKA,UKA01107,Wakefield Alverthorpe,Urban Background,53.68736,-1.522209,PM2.5,20.553,24,0,24,0,0,1,GMT hour ending; daily aggregation uses the printed source calendar date,contains_provisional,24,18,100.0,True,15.0,True,assessed_contextual_reference,True,https://uk-air.defra.gov.uk/datastore/data_files/site_data/WAKA_2026.csv?v=1
2026-07-17,Yorkshire and the Humber,YK10,UKA00523,York Bootham,Urban Background,53.967513,-1.086514,PM2.5,15.167,12,0,12,0,0,1,GMT hour ending; daily aggregation uses the printed source calendar date,contains_provisional,24,18,50.0,False,15.0,,not_assessed_insufficient_daily_coverage,True,https://uk-air.defra.gov.uk/datastore/data_files/site_data/YK10_2026.csv?v=1
